기체번호,항공사,기종,정원_F,정원_C,정원_W,정원_Y,총정원
VP-BDK,Aeroflot,A320-214,0,20,0,120,140
VP-BWD,Aeroflot,A320-214,0,20,0,120,140
VP-BWE,Aeroflot,A320-214,0,20,0,120,140
VP-BWF,Aeroflot,A320-214,0,20,0,120,140
VP-BRZ,Aeroflot,A320-214,0,20,0,120,140
VP-BKY,Aeroflot,A320-214,0,20,0,120,140
VP-BKC,Aeroflot,A320-214,0,20,0,120,140
VP-BZO,Aeroflot,A320-214,0,20,0,120,140
VP-BZQ,Aeroflot,A320-214,0,20,0,120,140
VP-BZP,Aeroflot,A320-214,0,20,0,120,140
VP-BZR,Aeroflot,A320-214,0,20,0,120,140
VP-BZS,Aeroflot,A320-214,0,20,0,120,140
VP-BME,Aeroflot,A320-214,0,20,0,120,140
VP-BMF,Aeroflot,A320-214,0,20,0,120,140
VQ-BAX,Aeroflot,A320-214,0,20,0,120,140
VQ-BAY,Aeroflot,A320-214,0,20,0,120,140
VQ-BBC,Aeroflot,A320-214,0,20,0,120,140
VQ-BCM,Aeroflot,A320-214,0,20,0,120,140
VQ-BCN,Aeroflot,A320-214,0,20,0,120,140
VQ-BEH,Aeroflot,A320-214,0,20,0,120,140
VQ-BEJ,Aeroflot,A320-214,0,20,0,120,140
VQ-BHL,Aeroflot,A320-214,0,20,0,120,140
VQ-BHN,Aeroflot,A320-214,0,20,0,120,140
VQ-BIW,Aeroflot,A320-214,0,20,0,120,140
VQ-BIR,Aeroflot,A320-214,0,20,0,120,140
VQ-BIV,Aeroflot,A320-214,0,20,0,120,140
VQ-BIT,Aeroflot,A320-214,0,20,0,120,140
VQ-BIU,Aeroflot,A320-214,0,20,0,120,140
VQ-BKS,Aeroflot,A320-214,0,20,0,120,140
VQ-BKT,Aeroflot,A320-214,0,20,0,120,140
VQ-BKU,Aeroflot,A320-214,0,20,0,120,140
VP-BID,Aeroflot,A320-214,0,20,0,120,140
VP-BJA,Aeroflot,A320-214,0,8,0,150,158
VP-BLH,Aeroflot,A320-214,0,8,0,150,158
VP-BLL,Aeroflot,A320-214,0,8,0,150,158
VP-BLP,Aeroflot,A320-214,0,8,0,150,158
VP-BNL,Aeroflot,A320-214,0,8,0,150,158
VP-BLR,Aeroflot,A320-214,0,8,0,150,158
VP-BNT,Aeroflot,A320-214,0,8,0,150,158
VP-BTI,Aeroflot,A320-214,0,8,0,150,158
VQ-BPU,Aeroflot,A320-214,0,8,0,150,158
VQ-BRV,Aeroflot,A320-214,0,8,0,150,158
VQ-BPV,Aeroflot,A320-214,0,8,0,150,158
VQ-BRW,Aeroflot,A320-214,0,8,0,150,158
VQ-BPW,Aeroflot,A320-214,0,8,0,150,158
VQ-BSE,Aeroflot,A320-214,0,8,0,150,158
VQ-BSG,Aeroflot,A320-214,0,8,0,150,158
VQ-BSH,Aeroflot,A320-214,0,8,0,150,158
VQ-BSI,Aeroflot,A320-214,0,8,0,150,158
VQ-BSJ,Aeroflot,A320-214,0,8,0,150,158
VQ-BSL,Aeroflot,A320-214,0,8,0,150,158
VQ-BST,Aeroflot,A320-214,0,8,0,150,158
VQ-BSU,Aeroflot,A320-214,0,8,0,150,158
VP-BJW,Aeroflot,A320-214,0,8,0,150,158
VP-BJY,Aeroflot,A320-214,0,8,0,150,158
VP-BEO,Aeroflot,A320-214,0,8,0,150,158
VP-BET,Aeroflot,A320-214,0,8,0,150,158
VP-BAC,Aeroflot,A320-214,0,8,0,150,158
VP-BAD,Aeroflot,A320-214,0,8,0,150,158
VP-BCA,Aeroflot,A320-214,0,8,0,150,158
VP-BCB,Aeroflot,A320-214,0,8,0,150,158
VP-BCE,Aeroflot,A320-214,0,8,0,150,158
VP-BFA,Aeroflot,A320-214,0,8,0,150,158
VP-BFE,Aeroflot,A320-214,0,8,0,150,158
VP-BFG,Aeroflot,A320-214,0,8,0,150,158
VP-BFH,Aeroflot,A320-214,0,8,0,150,158
VP-BKP,Aeroflot,A320-214,0,8,0,150,158
VP-BTA,Aeroflot,A320-214,0,8,0,150,158
VP-BLN,Aeroflot,A320-214,0,8,0,150,158
VP-BTC,Aeroflot,A320-214,0,8,0,150,158
VP-BLO,Aeroflot,A320-214,0,8,0,150,158
VP-BTJ,Aeroflot,A320-214,0,8,0,150,158
VP-BTO,Aeroflot,A320-214,0,8,0,150,158
VP-BIF,Aeroflot,A320-214,0,8,0,150,158
VP-BIY,Aeroflot,A320-214,0,8,0,150,158
VP-BII,Aeroflot,A320-214,0,8,0,150,158
VP-BIW,Aeroflot,A320-214,0,8,0,150,158
VP-BIJ,Aeroflot,A320-214,0,8,0,150,158
VQ-BEA,Aeroflot,A321-211,0,28,0,142,170
VQ-BED,Aeroflot,A321-211,0,28,0,142,170
VQ-BEF,Aeroflot,A321-211,0,28,0,142,170
VQ-BEG,Aeroflot,A321-211,0,28,0,142,170
VQ-BHK,Aeroflot,A321-211,0,28,0,142,170
VQ-BHM,Aeroflot,A321-211,0,28,0,142,170
VQ-BOH,Aeroflot,A321-211,0,28,0,142,170
VQ-BOI,Aeroflot,A321-211,0,28,0,142,170
VP-BDC,Aeroflot,A321-211,0,28,0,142,170
VP-BOC,Aeroflot,A321-211,0,28,0,142,170
VP-BOE,Aeroflot,A321-211,0,28,0,142,170
VP-BTG,Aeroflot,A321-211,0,28,0,142,170
VP-BTL,Aeroflot,A321-211,0,28,0,142,170
VP-BTR,Aeroflot,A321-211,0,28,0,142,170
VP-BEA,Aeroflot,A321-211,0,16,0,167,183
VP-BEE,Aeroflot,A321-211,0,16,0,167,183
VP-BEG,Aeroflot,A321-211,0,16,0,167,183
VP-BES,Aeroflot,A321-211,0,16,0,170,186
VP-BJX,Aeroflot,A321-211,0,16,0,167,183
VP-BAV,Aeroflot,A321-211,0,16,0,167,183
VP-BEW,Aeroflot,A321-211,0,16,0,167,183
VP-BAX,Aeroflot,A321-211,0,16,0,167,183
VP-BKI,Aeroflot,A321-211,0,16,0,167,183
VP-BAE,Aeroflot,A321-211,0,16,0,167,183
VP-BAF,Aeroflot,A321-211,0,16,0,167,183
VP-BAY,Aeroflot,A321-211,0,16,0,167,183
VP-BAZ,Aeroflot,A321-211,0,16,0,167,183
VP-BFF,Aeroflot,A321-211,0,16,0,167,183
VP-BFK,Aeroflot,A321-211,0,16,0,167,183
VP-BFQ,Aeroflot,A321-211,0,16,0,167,183
VP-BFX,Aeroflot,A321-211,0,16,0,167,183
VP-BKR,Aeroflot,A321-211,0,16,0,167,183
VP-BKQ,Aeroflot,A321-211,0,16,0,167,183
VP-BTH,Aeroflot,A321-211,0,16,0,167,183
VP-BTK,Aeroflot,A321-211,0,16,0,167,183
VP-BKJ,Aeroflot,A321-211,0,16,0,167,183
VP-BKZ,Aeroflot,A321-211,0,16,0,167,183
VP-BLX,Aeroflot,A330-243,0,34,0,207,241
VP-BLY,Aeroflot,A330-243,0,34,0,207,241
VQ-BBE,Aeroflot,A330-243,0,34,0,207,241
VQ-BBF,Aeroflot,A330-243,0,30,0,199,229
VQ-BBG,Aeroflot,A330-243,0,34,0,207,241
VQ-BCQ,Aeroflot,A330-343,0,34,0,268,302
VQ-BCU,Aeroflot,A330-343,0,34,0,268,302
VQ-BCV,Aeroflot,A330-343,0,34,0,268,302
VQ-BEK,Aeroflot,A330-343,0,34,0,268,302
VQ-BEL,Aeroflot,A330-343,0,34,0,268,302
VQ-BQX,Aeroflot,A330-343,0,34,0,268,302
VQ-BQY,Aeroflot,A330-343,0,34,0,268,302
VQ-BNS,Aeroflot,A330-343,0,36,0,265,301
VQ-BQZ,Aeroflot,A330-343,0,28,0,268,296
VQ-BMV,Aeroflot,A330-343,0,28,0,268,296
VQ-BMX,Aeroflot,A330-343,0,28,0,268,296
VQ-BMY,Aeroflot,A330-343,0,28,0,268,296
VQ-BPI,Aeroflot,A330-343,0,28,0,268,296
VQ-BPJ,Aeroflot,A330-343,0,28,0,268,296
VQ-BPK,Aeroflot,A330-343,0,28,0,268,296
VP-BDD,Aeroflot,A330-343,0,28,0,268,296
VP-BDE,Aeroflot,A330-343,0,28,0,268,296
VP-BRF,Aeroflot,B737-8LJ,0,20,0,138,158
VP-BRH,Aeroflot,B737-8LJ,0,20,0,138,158
VP-BRR,Aeroflot,B737-8LJ,0,20,0,138,158
VP-BZA,Aeroflot,B737-8LJ,0,20,0,138,158
VP-BZB,Aeroflot,B737-8LJ,0,20,0,138,158
VP-BON,Aeroflot,B737-8LJ,0,20,0,138,158
VQ-BVO,Aeroflot,B737-8LJ,0,20,0,138,158
VQ-BVP,Aeroflot,B737-8LJ,0,20,0,138,158
VQ-BWA,Aeroflot,B737-8LJ,0,20,0,138,158
VQ-BWB,Aeroflot,B737-8LJ,0,20,0,138,158
VQ-BWC,Aeroflot,B737-8LJ,0,20,0,138,158
VQ-BWD,Aeroflot,B737-8LJ,0,20,0,138,158
VQ-BWE,Aeroflot,B737-8LJ,0,20,0,138,158
VQ-BWF,Aeroflot,B737-8LJ,0,20,0,138,158
VP-BCD,Aeroflot,B737-8LJ,0,20,0,138,158
VP-BCF,Aeroflot,B737-8LJ,0,20,0,138,158
VP-BCG,Aeroflot,B737-8LJ,0,20,0,138,158
VQ-BHB,Aeroflot,B737-8LJ,0,20,0,138,158
VP-BFB,Aeroflot,B737-8LJ,0,20,0,138,158
VQ-BHC,Aeroflot,B737-8LJ,0,20,0,138,158
VQ-BHD,Aeroflot,B737-8LJ,0,20,0,138,158
VP-BGG,Aeroflot,B737-8LJ,0,20,0,138,158
VP-BGI,Aeroflot,B737-8LJ,0,20,0,138,158
VP-BGN,Aeroflot,B737-8LJ,0,20,0,138,158
VP-BMB,Aeroflot,B737-8LJ,0,20,0,138,158
VP-BMO,Aeroflot,B737-8LJ,0,20,0,138,158
VP-BNC,Aeroflot,B737-8LJ,0,20,0,138,158
VP-BKA,Aeroflot,B737-8LJ,0,20,0,138,158
VP-BKE,Aeroflot,B737-8LJ,0,20,0,138,158
VP-BKK,Aeroflot,B737-8LJ,0,20,0,138,158
VP-BNQ,Aeroflot,B737-8MC,0,20,0,138,158
VP-BMI,Aeroflot,B737-8MC,0,20,0,138,158
VP-BML,Aeroflot,B737-8MC,0,20,0,138,158
VP-BPF,Aeroflot,B737-8MC,0,20,0,138,158
VP-BNP,Aeroflot,B737-8MC,0,20,0,138,158
VP-BMM,Aeroflot,B737-8MC,0,20,0,138,158
VP-BKF,Aeroflot,B737-8MC,0,20,0,138,158
VP-BKN,Aeroflot,B737-8MC,0,20,0,138,158
VP-BSB,Aeroflot,B737-8MC,0,20,0,138,158
VP-BMD,Aeroflot,B737-8MC,0,20,0,138,158
RA-89014,Aeroflot,SU100-95B,0,12,0,75,87
RA-89015,Aeroflot,SU100-95B,0,12,0,75,87
RA-89017,Aeroflot,SU100-95B,0,12,0,75,87
RA-89022,Aeroflot,SU100-95B,0,12,0,75,87
RA-89023,Aeroflot,SU100-95B,0,12,0,75,87
RA-89032,Aeroflot,SU100-95B,0,12,0,75,87
RA-89024,Aeroflot,SU100-95B,0,12,0,75,87
RA-89025,Aeroflot,SU100-95B,0,12,0,75,87
RA-89026,Aeroflot,SU100-95B,0,12,0,75,87
RA-89027,Aeroflot,SU100-95B,0,12,0,75,87
RA-89028,Aeroflot,SU100-95B,0,12,0,75,87
RA-89041,Aeroflot,SU100-95B,0,12,0,75,87
RA-89042,Aeroflot,SU100-95B,0,12,0,75,87
RA-89043,Aeroflot,SU100-95B,0,12,0,75,87
RA-89044,Aeroflot,SU100-95B,0,12,0,75,87
RA-89045,Aeroflot,SU100-95B,0,12,0,75,87
RA-89046,Aeroflot,SU100-95B,0,12,0,75,87
RA-89047,Aeroflot,SU100-95B,0,12,0,75,87
RA-89052,Aeroflot,SU100-95B,0,12,0,75,87
RA-89051,Aeroflot,SU100-95B,0,12,0,75,87
RA-89061,Aeroflot,SU100-95B,0,12,0,75,87
RA-89062,Aeroflot,SU100-95B,0,12,0,75,87
RA-89056,Aeroflot,SU100-95B,0,12,0,75,87
RA-89057,Aeroflot,SU100-95B,0,12,0,75,87
RA-89058,Aeroflot,SU100-95B,0,12,0,75,87
RA-89063,Aeroflot,SU100-95B,0,12,0,75,87
RA-89059,Aeroflot,SU100-95B,0,12,0,75,87
RA-89064,Aeroflot,SU100-95B,0,12,0,75,87
RA-89060,Aeroflot,SU100-95B,0,12,0,75,87
RA-89065,Aeroflot,SU100-95B,0,12,0,75,87
RA-89097,Aeroflot,SU100-95B,0,12,0,75,87
RA-89098,Aeroflot,SU100-95B,0,12,0,75,87
RA-89099,Aeroflot,SU100-95B,0,12,0,75,87
RA-89100,Aeroflot,SU100-95B,0,12,0,75,87
RA-89101,Aeroflot,SU100-95B,0,12,0,75,87
RA-89102,Aeroflot,SU100-95B,0,12,0,75,87
RA-89103,Aeroflot,SU100-95B,0,12,0,75,87
RA-89104,Aeroflot,SU100-95B,0,12,0,75,87
RA-89105,Aeroflot,SU100-95B,0,12,0,75,87
RA-89106,Aeroflot,SU100-95B,0,12,0,75,87
RA-89107,Aeroflot,SU100-95B,0,12,0,75,87
RA-89108,Aeroflot,SU100-95B,0,12,0,75,87
VP-BWN,Aeroflot,A321-211,0,28,0,142,170
VP-BWO,Aeroflot,A321-211,0,28,0,142,170
VP-BQX,Aeroflot,A321-211,0,28,0,142,170
VQ-BEI,Aeroflot,A321-211,0,28,0,142,170
VP-BUP,Aeroflot,A321-211,0,28,0,142,170
VQ-BEE,Aeroflot,A321-211,0,28,0,142,170
VP-BUP,Aeroflot,A321-211,0,28,0,142,170
VP-BUM,Aeroflot,A321-211,0,28,0,142,170
VP-BRW,Aeroflot,A321-211,0,28,0,142,170
VP-BQT,Aeroflot,A321-211,0,28,0,142,170
VP-BQS,Aeroflot,A321-211,0,28,0,142,170
VP-BQR,Aeroflot,A321-211,0,28,0,142,170
VP-BWH,Aeroflot,A320-214,0,20,0,120,140
VP-BWI,Aeroflot,A320-214,0,20,0,120,140
VP-BWM,Aeroflot,A320-214,0,20,0,120,140
VP-BQP,Aeroflot,A320-214,0,20,0,120,140
VP-BQV,Aeroflot,A320-214,0,20,0,120,140
VP-BQW,Aeroflot,A320-214,0,20,0,120,140
VP-BRY,Aeroflot,A320-214,0,20,0,120,140
VP-BRX,Aeroflot,A320-214,0,20,0,120,140
VP-BQU,Aeroflot,A320-214,0,20,0,120,140
VP-BKX,Aeroflot,A320-214,0,20,0,120,140
VQ-BAZ,Aeroflot,A320-214,0,20,0,120,140
VQ-BBB,Aeroflot,A320-214,0,20,0,120,140
VP-BMR,Aeroflot,B777-21H,12,42,0,220,274
CP-2923,Aeroflot,B737-7Q8,0,0,0,136,136
P4-KBA,Air Astana,A320-232,0,16,0,132,148
P4-KBB,Air Astana,A320-232,0,16,0,132,148
P4-KBC,Air Astana,A320-232,0,16,0,132,148
P4-KBD,Air Astana,A320-232,0,16,0,132,148
P4-KBE,Air Astana,A320-232,0,16,0,132,148
P4-KBF,Air Astana,A320-232,0,16,0,132,148
P4-KBG,Air Astana,A320-232,0,16,0,132,148
P4-VAS,Air Astana,A320-232,0,16,0,132,148
P4-KBH,Air Astana,A320-271N,0,16,0,132,148
P4-KDA,Air Astana,A321-231,0,28,0,151,179
P4-KDB,Air Astana,A321-231,0,28,0,151,179
P4-NAS,Air Astana,A321-231,0,30,0,165,195
P4-OAS,Air Astana,A321-231,0,28,0,151,179
P4-KDC,Air Astana,A321-271N,0,28,0,151,179
P4-EAS,Air Astana,B757-2G5,0,16,0,150,166
P4-FAS,Air Astana,B757-2G5,0,16,0,150,166
P4-GAS,Air Astana,B757-2G5,0,16,0,150,166
P4-KCU,Air Astana,B757-23N,0,16,0,150,166
P4-MAS,Air Astana,B757-28A,0,16,0,150,166
P4-KEA,Air Astana,B767-3KY,0,30,0,193,223
P4-KEB,Air Astana,B767-3KY,0,30,0,193,223
P4-KEC,Air Astana,B767-3KY,0,30,0,193,223
P4-KCC,Air Astana,ERJ-190LR,0,9,0,88,97
P4-KCD,Air Astana,ERJ-190LR,0,9,0,88,97
P4-KCE,Air Astana,ERJ-190LR,0,9,0,88,97
P4-KCF,Air Astana,ERJ-190LR,0,9,0,88,97
P4-KCG,Air Astana,ERJ-190LR,0,9,0,88,97
P4-KCH,Air Astana,ERJ-190LR,0,9,0,88,97
P4-KCI,Air Astana,ERJ-190LR,0,9,0,88,97
P4-KCJ,Air Astana,ERJ-190LR,0,9,0,88,97
P4-KCK,Air Astana,ERJ-190LR,0,9,0,88,97
P4-YAS,Air Astana,A319-132,0,12,0,114,126
EX-37501,Air Kyrgyzstan,B737-59D,0,0,0,122,122
EX-37402,Air Manas,B737-42R,0,0,0,168,168
EX-37802,Air Manas,B737-82R,0,0,0,189,189
EX-37801,Air Manas,B737-82R,0,0,0,189,189
TC-ATD,AtlasGlobal,A319-112,0,8,0,126,134
TC-ATT,AtlasGlobal,A320-233,0,8,0,156,164
TC-FBR,AtlasGlobal,A320-232,0,0,0,180,180
TC-ETM,AtlasGlobal,A321-131,0,12,0,192,204
TC-ETN,AtlasGlobal,A321-131,0,12,0,192,204
TC-AGG,AtlasGlobal,A321-231,0,12,0,192,204
TC-AGI,AtlasGlobal,A321-231,0,8,0,189,197
TC-AGS,AtlasGlobal,A321-231,0,12,0,192,204
TC-ATV,AtlasGlobal,A321-211,0,12,0,192,204
TC-ATE,AtlasGlobal,A321-211,0,12,0,192,204
TC-ATF,AtlasGlobal,A321-211,0,12,0,192,204
TC-ATH,AtlasGlobal,A321-231,0,12,0,192,204
TC-ATR,AtlasGlobal,A321-211,0,0,0,216,216
TC-ETF,AtlasGlobal,A321-231,0,0,0,216,216
TC-ETV,AtlasGlobal,A321-231,0,0,0,216,216
TC-SNT,AtlasGlobal,B737-8HC,0,0,0,189,189
TC-ATM,AtlasGlobal,A320-232,0,8,0,156,164
TC-ATK,AtlasGlobal,A320-232,0,8,0,156,164
TC-AGU,AtlasGlobal,A320-232,0,8,0,156,164
TC-AGO,AtlasGlobal,A320-232,0,8,0,156,164
TC-ABL,AtlasGlobal,A320-214,0,8,0,156,164
EX-32005,Avia Traffic Company,A320-231,0,0,0,180,180
EX-32007,Avia Traffic Company,A320-231,0,0,0,180,180
EX-37010,Avia Traffic Company,B737-3L9,0,0,0,148,148
EX-37008,Avia Traffic Company,B737-330,0,0,0,148,148
EX-37012,Avia Traffic Company,B737-33A,0,0,0,148,148
EX-37015,Avia Traffic Company,B737-3K2,0,0,0,148,148
EX-27002,Avia Traffic Company,Bae 146-200,0,0,0,84,84
EX-27007,Avia Traffic Company,Bae 146-200,0,0,0,84,84
EX-27003,Avia Traffic Company,Avro RJ85,0,0,0,96,96
EX-27005,Avia Traffic Company,Avro RJ85,0,0,0,96,96
EW-254PA,Belavia,B737-3Q8,0,0,0,148,148
EW-282PA,Belavia,B737-3Q8,0,0,0,148,148
EW-283PA,Belavia,B737-3Q8,0,0,0,148,148
EW-308PA,Belavia,B737-3K2,0,0,0,148,148
EW-336PA,Belavia,B737-3Q8,0,0,0,148,148
EW-366PA,Belavia,B737-31S,0,0,0,148,148
EW-404PA,Belavia,B737-3L9,0,0,0,148,148
EW-407PA,Belavia,B737-36M,0,0,0,148,148
EW-250PA,Belavia,B737-524,0,0,0,120,120
EW-251PA,Belavia,B737-5Q8,0,0,0,123,123
EW-252PA,Belavia,B737-524,0,0,0,120,120
EW-253PA,Belavia,B737-524,0,0,0,120,120
EW-290PA,Belavia,B737-5Q8,0,0,0,123,123
EW-294PA,Belavia,B737-505,0,0,0,148,148
EW-437PA,Belavia,B737-8K5,0,0,0,189,189
EW-438PA,Belavia,B737-86Q,0,0,0,186,186
EW-455PA,Belavia,B737-8ZM,0,0,0,189,189
EW-456PA,Belavia,B737-8ZM,0,0,0,189,189
EW-457PA,Belavia,B737-8ZM,0,0,0,189,189
EW-100PJ,Belavia,CRJ-100ER,0,0,0,50,50
EW-276PJ,Belavia,CRJ-200ER,0,0,0,50,50
EW-277PJ,Belavia,CRJ-200ER,0,0,0,50,50
EW-303PJ,Belavia,CRJ-200LR,0,0,0,50,50
EW-340PO,Belavia,ERJ-175LR,0,12,0,64,76
EW-341PO,Belavia,ERJ-175LR,0,12,0,64,76
EW-512PO,Belavia,ERJ-175LR,0,12,0,64,76
EW-399PO,Belavia,ERJ-195LR,0,11,0,96,107
EW-400PO,Belavia,ERJ-195LR,0,11,0,96,107
B-5068,China Southern Airlines,B737-71B,0,8,24,88,120
B-5069,China Southern Airlines,B737-71B,0,8,24,88,120
B-5070,China Southern Airlines,B737-71B,0,8,24,88,120
B-2169,China Southern Airlines,B737-71B,0,8,24,88,120
B-2620,China Southern Airlines,B737-71B,0,8,24,88,120
B-2622,China Southern Airlines,B737-71B,0,8,24,88,120
B-2916,China Southern Airlines,B737-71B,0,8,24,88,120
B-2917,China Southern Airlines,B737-71B,0,8,24,88,120
B-5232,China Southern Airlines,B737-71B,0,8,24,88,120
B-5233,China Southern Airlines,B737-71B,0,8,24,88,120
B-5236,China Southern Airlines,B737-71B,0,8,24,88,120
B-5238,China Southern Airlines,B737-71B,0,8,24,88,120
B-5239,China Southern Airlines,B737-71B,0,8,24,88,120
B-5240,China Southern Airlines,B737-71B,0,8,24,88,120
B-5241,China Southern Airlines,B737-71B,0,8,24,88,120
B-5247,China Southern Airlines,B737-71B,0,8,24,88,120
B-5250,China Southern Airlines,B737-71B,0,8,24,88,120
B-5252,China Southern Airlines,B737-71B,0,8,24,88,120
B-5253,China Southern Airlines,B737-71B,0,8,24,88,120
B-5251,China Southern Airlines,B737-71B,0,8,24,88,120
B-5275,China Southern Airlines,B737-71B,0,8,24,88,120
B-5281,China Southern Airlines,B737-71B,0,8,24,88,120
B-5285,China Southern Airlines,B737-71B,0,8,24,88,120
B-5283,China Southern Airlines,B737-71B,0,8,24,88,120
B-5290,China Southern Airlines,B737-71B,0,8,24,88,120
B-5291,China Southern Airlines,B737-71B,0,8,24,88,120
B-5147,China Southern Airlines,B737-81B,0,8,24,132,164
B-5149,China Southern Airlines,B737-81B,0,8,24,132,164
B-5163,China Southern Airlines,B737-81B,0,8,24,132,164
B-5165,China Southern Airlines,B737-81B,0,8,24,132,164
B-5156,China Southern Airlines,B737-81Q,0,8,24,132,164
B-5157,China Southern Airlines,B737-81Q,0,8,24,132,164
B-5123,China Southern Airlines,B737-83N,0,8,21,130,159
B-5125,China Southern Airlines,B737-83N,0,8,21,130,159
B-5126,China Southern Airlines,B737-83N,0,8,21,130,159
B-5127,China Southern Airlines,B737-83N,0,8,21,130,159
B-5128,China Southern Airlines,B737-83N,0,8,21,130,159
B-5129,China Southern Airlines,B737-83N,0,8,21,130,159
B-2693,China Southern Airlines,B737-81B,0,8,24,129,161
B-2694,China Southern Airlines,B737-81B,0,8,24,129,161
B-2695,China Southern Airlines,B737-81B,0,8,24,129,161
B-2696,China Southern Airlines,B737-81B,0,8,24,129,161
B-2697,China Southern Airlines,B737-81B,0,8,24,129,161
B-5020,China Southern Airlines,B737-81B,0,8,24,129,161
B-5021,China Southern Airlines,B737-81B,0,8,24,129,161
B-5022,China Southern Airlines,B737-81B,0,8,24,129,161
B-5040,China Southern Airlines,B737-81B,0,8,24,129,161
B-5041,China Southern Airlines,B737-81B,0,8,24,129,161
B-5042,China Southern Airlines,B737-81B,0,8,24,129,161
B-5067,China Southern Airlines,B737-81B,0,8,24,129,161
B-5166,China Southern Airlines,B737-81B,0,8,24,132,164
B-5112,China Southern Airlines,B737-81B,0,8,24,129,161
B-5113,China Southern Airlines,B737-81B,0,8,24,129,161
B-5189,China Southern Airlines,B737-81B,0,8,24,132,164
B-5190,China Southern Airlines,B737-81B,0,8,24,132,164
B-5191,China Southern Airlines,B737-81B,0,8,24,132,164
B-5192,China Southern Airlines,B737-81B,0,8,24,132,164
B-5193,China Southern Airlines,B737-81B,0,8,24,132,164
B-5195,China Southern Airlines,B737-81B,0,8,24,132,164
B-5421,China Southern Airlines,B737-81B,0,8,24,132,164
B-5420,China Southern Airlines,B737-81B,0,8,24,132,164
B-5300,China Southern Airlines,B737-81B,0,8,24,132,164
B-5310,China Southern Airlines,B737-81B,0,8,24,132,164
B-5419,China Southern Airlines,B737-81B,0,8,24,132,164
B-5339,China Southern Airlines,B737-81B,0,8,24,132,164
B-5340,China Southern Airlines,B737-81B,0,8,24,132,164
B-5356,China Southern Airlines,B737-81B,0,8,24,132,164
B-5468,China Southern Airlines,B737-81B,0,8,24,132,164
B-5469,China Southern Airlines,B737-81B,0,8,24,132,164
B-5445,China Southern Airlines,B737-81B,0,8,24,132,164
B-5446,China Southern Airlines,B737-81B,0,8,24,132,164
B-1923,China Southern Airlines,B737-86N,0,8,24,132,164
B-5598,China Southern Airlines,B737-86J,0,8,24,132,164
B-5586,China Southern Airlines,B737-86J,0,8,24,132,164
B-5597,China Southern Airlines,B737-81B,0,8,24,132,164
B-1918,China Southern Airlines,B737-81B,0,8,24,132,164
B-5641,China Southern Airlines,B737-81B,0,8,24,132,164
B-5640,China Southern Airlines,B737-81B,0,8,24,132,164
B-5643,China Southern Airlines,B737-81B,0,8,24,132,164
B-1951,China Southern Airlines,B737-81B,0,8,24,132,164
B-5645,China Southern Airlines,B737-81B,0,8,24,132,164
B-1955,China Southern Airlines,B737-81B,0,8,24,132,164
B-1717,China Southern Airlines,B737-81B,0,8,24,132,164
B-5675,China Southern Airlines,B737-81B,0,8,24,132,164
B-5676,China Southern Airlines,B737-81B,0,8,24,132,164
B-5677,China Southern Airlines,B737-81B,0,8,24,132,164
B-5678,China Southern Airlines,B737-81B,0,8,24,132,164
B-5738,China Southern Airlines,B737-81B,0,8,24,132,164
B-5697,China Southern Airlines,B737-81B,0,8,24,132,164
B-5646,China Southern Airlines,B737-81B,0,8,24,132,164
B-5698,China Southern Airlines,B737-81B,0,8,24,132,164
B-1718,China Southern Airlines,B737-81B,0,8,24,132,164
B-5699,China Southern Airlines,B737-81B,0,8,24,132,164
B-5715,China Southern Airlines,B737-81B,0,8,24,132,164
B-5716,China Southern Airlines,B737-81B,0,8,24,132,164
B-5717,China Southern Airlines,B737-81B,0,8,24,132,164
B-5718,China Southern Airlines,B737-81B,0,8,24,132,164
B-5719,China Southern Airlines,B737-81B,0,8,24,132,164
B-5720,China Southern Airlines,B737-81B,0,8,24,132,164
B-5721,China Southern Airlines,B737-81B,0,8,24,132,164
B-5739,China Southern Airlines,B737-81B,0,8,24,132,164
B-5740,China Southern Airlines,B737-81B,0,8,24,132,164
B-5741,China Southern Airlines,B737-81B,0,8,24,132,164
B-5742,China Southern Airlines,B737-81B,0,8,24,132,164
B-5743,China Southern Airlines,B737-81B,0,8,24,132,164
B-5745,China Southern Airlines,B737-81B,0,8,24,132,164
B-5759,China Southern Airlines,B737-81B,0,8,24,132,164
B-5762,China Southern Airlines,B737-81B,0,8,24,132,164
B-5766,China Southern Airlines,B737-81B,0,8,24,132,164
B-5746,China Southern Airlines,B737-81B,0,8,24,132,164
B-5769,China Southern Airlines,B737-81B,0,8,24,132,164
B-5770,China Southern Airlines,B737-81B,0,8,24,132,164
B-5836,China Southern Airlines,B737-81B,0,8,24,132,164
B-5837,China Southern Airlines,B737-81B,0,8,24,132,164
B-5760,China Southern Airlines,B737-81B,0,8,24,132,164
B-5761,China Southern Airlines,B737-81B,0,8,24,132,164
B-5767,China Southern Airlines,B737-81B,0,8,24,132,164
B-5768,China Southern Airlines,B737-81B,0,8,24,132,164
B-5747,China Southern Airlines,B737-81B,0,8,24,132,164
B-5609,China Southern Airlines,B737-81B,0,8,24,132,164
B-5596,China Southern Airlines,B737-81B,0,8,24,132,164
B-1919,China Southern Airlines,B737-81B,0,8,24,132,164
B-5587,China Southern Airlines,B737-81B,0,8,24,132,164
B-1921,China Southern Airlines,B737-86N,0,8,24,132,164
B-1922,China Southern Airlines,B737-86N,0,8,24,132,164
B-1925,China Southern Airlines,B737-86N,0,8,24,132,164
B-1701,China Southern Airlines,B737-86N,0,8,24,132,164
B-1979,China Southern Airlines,B737-86N,0,8,24,132,164
B-1920,China Southern Airlines,B737-86N,0,8,24,132,164
B-1980,China Southern Airlines,B737-86N,0,8,24,132,164
B-5748,China Southern Airlines,B737-81B,0,8,24,132,164
B-5749,China Southern Airlines,B737-81B,0,8,24,132,164
B-1916,China Southern Airlines,B737-81B,0,8,24,132,164
B-1917,China Southern Airlines,B737-81B,0,8,24,132,164
B-1950,China Southern Airlines,B737-81B,0,8,24,132,164
B-1952,China Southern Airlines,B737-81B,0,8,24,132,164
B-1953,China Southern Airlines,B737-81B,0,8,24,132,164
B-1736,China Southern Airlines,B737-81B,0,8,24,132,164
B-1747,China Southern Airlines,B737-81B,0,8,24,132,164
B-1748,China Southern Airlines,B737-81B,0,8,24,132,164
B-1782,China Southern Airlines,B737-81B,0,8,24,132,164
B-1520,China Southern Airlines,B737-81B,0,8,24,132,164
B-1737,China Southern Airlines,B737-81B,0,8,24,132,164
B-1776,China Southern Airlines,B737-81B,0,8,24,132,164
B-1780,China Southern Airlines,B737-81B,0,8,24,132,164
B-1525,China Southern Airlines,B737-81B,0,8,24,132,164
B-6067,China Southern Airlines,B737-81B,0,8,24,132,164
B-6078,China Southern Airlines,B737-81B,0,8,24,132,164
B-6069,China Southern Airlines,B737-81B,0,8,24,132,164
B-1700,China Southern Airlines,B737-86N,0,8,24,132,164
B-1781,China Southern Airlines,B737-86N,0,8,24,132,164
B-7967,China Southern Airlines,B737-81B,0,8,24,132,164
B-7968,China Southern Airlines,B737-81B,0,8,24,132,164
B-7969,China Southern Airlines,B737-81B,0,8,24,132,164
B-7970,China Southern Airlines,B737-81B,0,8,24,132,164
B-7995,China Southern Airlines,B737-81B,0,8,24,132,164
B-7996,China Southern Airlines,B737-81B,0,8,24,132,164
B-7997,China Southern Airlines,B737-81B,0,8,24,132,164
B-1367,China Southern Airlines,B737-81B,0,8,24,132,164
B-1365,China Southern Airlines,B737-81B,0,8,24,132,164
B-7971,China Southern Airlines,B737-81B,0,8,24,132,164
B-7972,China Southern Airlines,B737-81B,0,8,24,132,164
B-1407,China Southern Airlines,B737-81B,0,8,24,132,164
B-1405,China Southern Airlines,B737-81B,0,8,24,132,164
B-1401,China Southern Airlines,B737-81B,0,8,24,132,164
B-1408,China Southern Airlines,B737-81B,0,8,24,132,164
B-1413,China Southern Airlines,B737-81B,0,8,24,132,164
B-1582,China Southern Airlines,B737-81B,0,8,24,132,164
B-1583,China Southern Airlines,B737-81B,0,8,24,132,164
B-1412,China Southern Airlines,B737-81B,0,8,24,132,164
B-1411,China Southern Airlines,B737-81B,0,8,24,132,164
B-1410,China Southern Airlines,B737-81B,0,8,24,132,164
B-1585,China Southern Airlines,B737-81B,0,8,24,132,164
B-1409,China Southern Airlines,B737-81B,0,8,24,132,164
B-1400,China Southern Airlines,B737-81B,0,8,24,132,164
B-1406,China Southern Airlines,B737-81B,0,8,24,132,164
B-1403,China Southern Airlines,B737-81B,0,8,24,132,164
B-1402,China Southern Airlines,B737-81B,0,8,24,132,164
B-1363,China Southern Airlines,B737-81B,0,8,24,132,164
B-1362,China Southern Airlines,B737-81B,0,8,24,132,164
B-1237,China Southern Airlines,B737-81B,0,8,24,132,164
B-1236,China Southern Airlines,B737-81B,0,8,24,132,164
B-1239,China Southern Airlines,B737-81B,0,8,24,132,164
B-1283,China Southern Airlines,B737-81B,0,8,24,132,164
B-7995,China Southern Airlines,B737-81B,0,8,24,132,164
B-8545,China Southern Airlines,A320-271N,0,4,24,138,166
B-8637,China Southern Airlines,A320-271N,0,4,24,138,166
B-8670,China Southern Airlines,A320-271N,0,4,24,138,166
B-8671,China Southern Airlines,A320-271N,0,4,24,138,166
B-8672,China Southern Airlines,A320-271N,0,4,24,138,166
B-8673,China Southern Airlines,A320-271N,0,4,24,138,166
B-8695,China Southern Airlines,A320-271N,0,4,24,138,166
A6-FDE,flydubai,B737-8KN,0,0,0,189,189
A6-FDG,flydubai,B737-8KN,0,0,0,189,189
A6-FDH,flydubai,B737-8KN,0,12,0,162,174
A6-FDI,flydubai,B737-8KN,0,0,0,189,189
A6-FDJ,flydubai,B737-8KN,0,12,0,162,174
A6-FDK,flydubai,B737-8KN,0,12,0,162,174
A6-FDL,flydubai,B737-8KN,0,12,0,162,174
A6-FDM,flydubai,B737-8KN,0,12,0,162,174
A6-FDO,flydubai,B737-8KN,0,12,0,162,174
A6-FDP,flydubai,B737-8KN,0,12,0,162,174
A6-FDQ,flydubai,B737-8KN,0,12,0,162,174
A6-FDR,flydubai,B737-8KN,0,12,0,162,174
A6-FDS,flydubai,B737-8KN,0,12,0,162,174
A6-FDT,flydubai,B737-8KN,0,12,0,162,174
A6-FDV,flydubai,B737-8KN,0,12,0,162,174
A6-FDU,flydubai,B737-8KN,0,12,0,162,174
A6-FDW,flydubai,B737-8KN,0,12,0,162,174
A6-FDX,flydubai,B737-8KN,0,12,0,162,174
A6-FDY,flydubai,B737-8KN,0,12,0,162,174
A6-FDZ,flydubai,B737-8KN,0,12,0,162,174
A6-FEA,flydubai,B737-8KN,0,12,0,162,174
A6-FEB,flydubai,B737-8KN,0,12,0,162,174
A6-FEC,flydubai,B737-8KN,0,12,0,162,174
A6-FED,flydubai,B737-8KN,0,12,0,162,174
A6-FEE,flydubai,B737-8KN,0,12,0,162,174
A6-FEF,flydubai,B737-8KN,0,12,0,162,174
A6-FEH,flydubai,B737-8KN,0,12,0,162,174
A6-FEI,flydubai,B737-8KN,0,12,0,162,174
A6-FEJ,flydubai,B737-8KN,0,12,0,162,174
A6-FEL,flydubai,B737-8KN,0,12,0,162,174
A6-FEM,flydubai,B737-8KN,0,12,0,162,174
A6-FEN,flydubai,B737-8KN,0,12,0,162,174
A6-FEO,flydubai,B737-8KN,0,12,0,162,174
A6-FEQ,flydubai,B737-8KN,0,12,0,162,174
A6-FER,flydubai,B737-8KN,0,12,0,162,174
A6-FEP,flydubai,B737-8KN,0,12,0,162,174
A6-FES,flydubai,B737-8KN,0,12,0,162,174
A6-FET,flydubai,B737-8KN,0,12,0,162,174
A6-FEZ,flydubai,B737-8KN,0,12,0,162,174
A6-FEU,flydubai,B737-8KN,0,12,0,162,174
A6-FEY,flydubai,B737-8KN,0,12,0,162,174
A6-FEV,flydubai,B737-8KN,0,12,0,162,174
A6-FEW,flydubai,B737-8KN,0,12,0,162,174
A6-FEX,flydubai,B737-8KN,0,12,0,162,174
A6-FEG,flydubai,B737-8KN,0,12,0,162,174
A6-FEK,flydubai,B737-8KN,0,12,0,162,174
A6-FGA,flydubai,B737-8KN,0,0,0,189,189
A6-FGB,flydubai,B737-8KN,0,0,0,189,189
A6-FGC,flydubai,B737-8KN,0,0,0,189,189
A6-FGD,flydubai,B737-8KN,0,0,0,189,189
A6-FGE,flydubai,B737-8KN,0,0,0,189,189
A6-FDF,flydubai,B737-8KN,0,0,0,189,189
A6-FGF,flydubai,B737-8KN,0,0,0,189,189
A6-FGG,flydubai,B737-8KN,0,0,0,189,189
A6-FGH,flydubai,B737-8KN,0,0,0,189,189
A6-FGI,flydubai,B737-8KN,0,0,0,189,189
A6-FGJ,flydubai,B737-8KN,0,0,0,189,189
A6-FMA,flydubai,B737-8 MAX,0,10,0,156,166
A6-MAX,flydubai,B737-8 MAX,0,10,0,156,166
A6-FMD,flydubai,B737-8 MAX,0,10,0,156,166
A6-FMB,flydubai,B737-8 MAX,0,10,0,156,166
A6-FMC,flydubai,B737-8 MAX,0,10,0,156,166
A6-FME,flydubai,B737-8 MAX,0,10,0,156,166
VQ-BKW,Globus Airlines,B737-8ZS,0,8,0,168,176
VP-BUG,Globus Airlines,B737-86J,0,8,0,168,176
VQ-BRQ,Globus Airlines,B737-8LP,0,8,0,168,176
VP-BUL,Globus Airlines,B737-8LP,0,8,0,168,176
VQ-BRP,Globus Airlines,B737-8LP,0,8,0,168,176
VP-BNG,Globus Airlines,B737-83N,0,8,0,168,176
VQ-BRK,Globus Airlines,B737-8LP,0,8,0,168,176
VQ-BRR,Globus Airlines,B737-8LP,0,8,0,168,176
EP-APE,Iran Aseman Airlines,A320-231,0,0,0,180,180
EP-APF,Iran Aseman Airlines,A320-231,0,0,0,180,180
EP-APG,Iran Aseman Airlines,A320-231,0,0,0,180,180
EP-APH,Iran Aseman Airlines,A320-231,0,0,0,180,180
EP-API,Iran Aseman Airlines,A320-231,0,0,0,180,180
EP-APJ,Iran Aseman Airlines,A320-231,0,0,0,180,180
EP-APA,Iran Aseman Airlines,A340-311,0,40,28,187,255
EP-ATH,Iran Aseman Airlines,ATR 72-212,0,0,0,70,70
EP-ATU,Iran Aseman Airlines,ATR 72-500,0,0,0,70,70
EP-ATX,Iran Aseman Airlines,ATR 72-500,0,0,0,70,70
EP-ATZ,Iran Aseman Airlines,ATR 72-212,0,0,0,70,70
EP-ASA,Iran Aseman Airlines,B727-228,0,0,0,175,175
EP-ASB,Iran Aseman Airlines,B727-228,0,0,0,175,175
EP-ASD,Iran Aseman Airlines,B727-228,0,0,0,175,175
EP-APO,Iran Aseman Airlines,B737-4H6,0,16,0,128,144
EP-APP,Iran Aseman Airlines,B737-4H6,0,16,0,128,144
EP-NSN,Iran Aseman Airlines,B737-4H6,0,16,0,128,144
EP-ASG,Iran Aseman Airlines,F100,0,0,0,109,109
EP-ASI,Iran Aseman Airlines,F100,0,0,0,109,109
EP-ASJ,Iran Aseman Airlines,F100,0,0,0,109,109
EP-ASK,Iran Aseman Airlines,F100,0,0,0,109,109
EP-ASM,Iran Aseman Airlines,F100,0,0,0,109,109
EP-ASO,Iran Aseman Airlines,F100,0,0,0,109,109
EP-ASQ,Iran Aseman Airlines,F100,0,0,0,109,109
EP-ASR,Iran Aseman Airlines,F100,0,0,0,109,109
EP-AST,Iran Aseman Airlines,F100,0,0,0,109,109
EP-ASU,Iran Aseman Airlines,F100,0,0,0,109,109
EP-ASX,Iran Aseman Airlines,F100,0,0,0,109,109
EP-ATB,Iran Aseman Airlines,F100,0,0,0,109,109
EP-ATC,Iran Aseman Airlines,F100,0,0,0,109,109
EP-ATD,Iran Aseman Airlines,F100,0,0,0,109,109
EP-ATE,Iran Aseman Airlines,F100,0,0,0,109,109
EP-ATF,Iran Aseman Airlines,F100,0,0,0,109,109
EP-ATG,Iran Aseman Airlines,F100,0,0,0,109,109
YA-KMT,Kam Air,A340-313,0,18,0,309,327
YA-KMV,Kam Air,B737-3H4,0,0,0,149,149
UR-UWW,Kam Air,B737-5Y0,0,0,0,126,126
UR-BAA,Kam Air,B737-5Q8,0,0,0,126,126
YA-KMS,Kam Air,B737-5Q8,0,0,0,126,126
YA-KAM,Kam Air,B767-222,0,18,0,183,201
YA-KMD,Kam Air,DC-9-83,0,0,0,165,165
YA-KMO,Kam Air,DC-9-87,0,0,0,135,135
YA-KMZ,Kam Air,DC-9-87,0,0,0,135,135
UP-F1007,Kam Air,F100,0,0,0,100,100
UP-F1009,Kam Air,F100,0,0,0,100,100
UP-F1010,Kam Air,F100,0,0,0,100,100
UP-F1014,Kam Air,F100,0,0,0,100,100
YA-TTE,Kam Air,A319-112,0,12,0,108,120
VQ-BKN,NordStar,ATR 42-500,0,0,0,46,46
VQ-BKO,NordStar,ATR 42-500,0,0,0,46,46
VQ-BKP,NordStar,ATR 42-500,0,0,0,46,46
VQ-BKQ,NordStar,ATR 42-500,0,0,0,46,46
VQ-BPE,NordStar,ATR 42-500,0,0,0,46,46
VP-BKT,NordStar,B737-33R,0,10,0,162,172
VQ-BDN,NordStar,B737-8K5,0,10,0,162,172
VQ-BDO,NordStar,B737-8K5,0,10,0,162,172
VQ-BDP,NordStar,B737-8Q8,0,10,0,162,172
VQ-BDW,NordStar,B737-8K5,0,10,0,162,172
VQ-BDZ,NordStar,B737-8K5,0,10,0,162,172
VQ-BKR,NordStar,B737-8AS,0,10,0,162,172
VQ-BNG,NordStar,B737-86J,0,10,0,162,172
VQ-BPM,NordStar,B737-8AS,0,10,0,162,172
VQ-BQT,NordStar,B737-8AS,0,10,0,162,172
VP-BPI,Pegas Fly,B737-83N,0,0,0,189,189
VP-BPY,Pegas Fly,B737-83N,0,0,0,189,189
VQ-BUV,Pegas Fly,B737-83N,0,0,0,189,189
VQ-BVY,Pegas Fly,B737-8Q8,0,0,0,189,189
VP-BDI,Pegas Fly,B767-38A,0,12,0,278,290
VP-BMC,Pegas Fly,B767-3Q8,0,12,0,278,290
VP-BOY,Pegas Fly,B767-3G5,0,12,0,278,290
VP-BOZ,Pegas Fly,B767-3G5,0,12,0,278,290
VQ-BOG,Pegas Fly,B767-341,0,12,0,278,290
VQ-BTQ,Pegas Fly,B767-3Q8,0,12,0,278,290
VP-BZC,Pegas Fly,ERJ-190AR,0,0,0,99,99
VP-BZD,Pegas Fly,ERJ-190AR,0,0,0,99,99
VP-BZG,Pegas Fly,ERJ-190LR,0,0,0,99,99
VP-BZH,Pegas Fly,ERJ-190LR,0,0,0,99,99
VP-BZI,Pegas Fly,ERJ-190LR,0,0,0,99,99
VP-BZJ,Pegas Fly,ERJ-190AR,0,0,0,99,99
VP-BZK,Pegas Fly,ERJ-190AR,0,0,0,99,99
TC-DCF,Pegasus Airlines,A320-214,0,0,0,180,180
TC-DCJ,Pegasus Airlines,A320-214,0,0,0,180,180
TC-DCA,Pegasus Airlines,A320-214,0,0,0,180,180
TC-DCB,Pegasus Airlines,A320-214,0,0,0,180,180
TC-DCC,Pegasus Airlines,A320-214,0,0,0,180,180
TC-DCD,Pegasus Airlines,A320-214,0,0,0,180,180
TC-DCE,Pegasus Airlines,A320-214,0,0,0,180,180
TC-DCG,Pegasus Airlines,A320-214,0,0,0,180,180
TC-DCH,Pegasus Airlines,A320-214,0,0,0,180,180
TC-DCI,Pegasus Airlines,A320-214,0,0,0,180,180
TC-NBA,Pegasus Airlines,A320-251N,0,0,0,186,186
TC-DCL,Pegasus Airlines,A320-214,0,0,0,186,186
TC-NBB,Pegasus Airlines,A320-251N,0,0,0,186,186
TC-NBD,Pegasus Airlines,A320-251N,0,0,0,186,186
TC-NBC,Pegasus Airlines,A320-251N,0,0,0,186,186
TC-DCM,Pegasus Airlines,A320-214,0,0,0,186,186
TC-NBF,Pegasus Airlines,A320-251N,0,0,0,186,186
TC-NBG,Pegasus Airlines,A320-251N,0,0,0,186,186
TC-NBE,Pegasus Airlines,A320-251N,0,0,0,186,186
TC-NBH,Pegasus Airlines,A320-251N,0,0,0,186,186
TC-NBI,Pegasus Airlines,A320-251N,0,0,0,186,186
TC-NBJ,Pegasus Airlines,A320-251N,0,0,0,186,186
TC-NBK,Pegasus Airlines,A320-251N,0,0,0,186,186
TC-NBL,Pegasus Airlines,A320-251N,0,0,0,186,186
TC-NBM,Pegasus Airlines,A320-251N,0,0,0,186,186
TC-NBN,Pegasus Airlines,A320-251N,0,0,0,186,186
TC-NBO,Pegasus Airlines,A320-251N,0,0,0,186,186
TC-NBP,Pegasus Airlines,A320-251N,0,0,0,186,186
TC-NBR,Pegasus Airlines,A320-251N,0,0,0,186,186
TC-NBS,Pegasus Airlines,A320-251N,0,0,0,186,186
TC-AAO,Pegasus Airlines,B737-86N,0,0,0,189,189
TC-AAR,Pegasus Airlines,B737-86N,0,0,0,189,189
TC-IZD,Pegasus Airlines,B737-83N,0,0,0,189,189
TC-CPP,Pegasus Airlines,B737-804,0,0,0,189,189
TC-IZG,Pegasus Airlines,B737-8AS,0,0,0,189,189
TC-CPO,Pegasus Airlines,B737-8AS,0,0,0,189,189
TC-IZI,Pegasus Airlines,B737-8GJ,0,0,0,189,189
TC-CPR,Pegasus Airlines,B737-8GJ,0,0,0,189,189
TC-CPU,Pegasus Airlines,B737-86N,0,0,0,189,189
TC-IZJ,Pegasus Airlines,B737-82R,0,0,0,189,189
TC-CCJ,Pegasus Airlines,B737-82R,0,0,0,189,189
TC-AJP,Pegasus Airlines,B737-82R,0,0,0,189,189
TC-CPV,Pegasus Airlines,B737-86J,0,0,0,189,189
TC-CPS,Pegasus Airlines,B737-86J,0,0,0,189,189
TC-IZE,Pegasus Airlines,B737-86J,0,0,0,189,189
TC-IZK,Pegasus Airlines,B737-86J,0,0,0,186,186
TC-AIS,Pegasus Airlines,B737-82R,0,0,0,189,189
TC-AVP,Pegasus Airlines,B737-82R,0,0,0,189,189
TC-AZP,Pegasus Airlines,B737-82R,0,0,0,189,189
TC-CPB,Pegasus Airlines,B737-82R,0,0,0,189,189
TC-CPE,Pegasus Airlines,B737-82R,0,0,0,189,189
TC-CPK,Pegasus Airlines,B737-82R,0,0,0,189,189
TC-CPL,Pegasus Airlines,B737-82R,0,0,0,189,189
TC-ASP,Pegasus Airlines,B737-82R,0,0,0,189,189
TC-CPM,Pegasus Airlines,B737-82R,0,0,0,189,189
TC-CPN,Pegasus Airlines,B737-82R,0,0,0,189,189
TC-CPI,Pegasus Airlines,B737-82R,0,0,0,189,189
TC-ADP,Pegasus Airlines,B737-82R,0,0,0,189,189
TC-AHP,Pegasus Airlines,B737-82R,0,0,0,189,189
TC-ANP,Pegasus Airlines,B737-82R,0,0,0,189,189
TC-AMP,Pegasus Airlines,B737-82R,0,0,0,189,189
TC-AEP,Pegasus Airlines,B737-82R,0,0,0,189,189
TC-CPA,Pegasus Airlines,B737-82R,0,0,0,189,189
TC-CPD,Pegasus Airlines,B737-82R,0,0,0,189,189
TC-ARP,Pegasus Airlines,B737-82R,0,0,0,189,189
TC-AAU,Pegasus Airlines,B737-82R,0,0,0,189,189
TC-AIP,Pegasus Airlines,B737-82R,0,0,0,189,189
TC-CPC,Pegasus Airlines,B737-82R,0,0,0,189,189
TC-CPG,Pegasus Airlines,B737-82R,0,0,0,189,189
TC-CPJ,Pegasus Airlines,B737-82R,0,0,0,189,189
TC-CPY,Pegasus Airlines,B737-8H6,0,0,0,189,189
TC-CPZ,Pegasus Airlines,B737-8H6,0,0,0,189,189
TC-CRA,Pegasus Airlines,B737-8H6,0,0,0,189,189
TC-CRB,Pegasus Airlines,B737-8AL,0,0,0,189,189
TC-CPF,Pegasus Airlines,B737-82R,0,0,0,189,189
TC-AAL,Pegasus Airlines,B737-82R,0,0,0,189,189
TC-AAS,Pegasus Airlines,B737-82R,0,0,0,189,189
TC-AAY,Pegasus Airlines,B737-82R,0,0,0,189,189
TC-AAN,Pegasus Airlines,B737-82R,0,0,0,189,189
TC-CPF,Pegasus Airlines,B737-82R,0,0,0,189,189
TC-AGP,Pegasus Airlines,B737-82R,0,0,0,189,189
TC-AAJ,Pegasus Airlines,B737-82R,0,0,0,189,189
VQ-BYA,S7 Airlines,ERJ-170SU,0,0,0,78,78
VQ-BBO,S7 Airlines,ERJ-170SU,0,0,0,78,78
VP-BDT,S7 Airlines,A320-214,0,8,0,150,158
VP-BOM,S7 Airlines,A320-214,0,8,0,150,158
VQ-BYC,S7 Airlines,ERJ-170SU,0,0,0,78,78
VQ-BQW,S7 Airlines,A319-111,0,0,0,144,144
VP-BTW,S7 Airlines,A319-114,0,0,0,144,144
VP-BDH,S7 Airlines,B737-8Q8,0,8,0,168,176
VQ-BVM,S7 Airlines,B737-8GJ,0,8,0,168,176
VQ-BRG,S7 Airlines,A320-214,0,8,0,150,158
VQ-BRD,S7 Airlines,A320-214,0,8,0,150,158
VQ-BRC,S7 Airlines,A320-214,0,8,0,150,158
VQ-BPN,S7 Airlines,A320-214,0,8,0,150,158
VQ-BPL,S7 Airlines,A320-214,0,8,0,150,158
VQ-BOG,S7 Airlines,A320-214,0,8,0,150,158
VQ-BOA,S7 Airlines,A320-214,0,8,0,150,158
VQ-BET,S7 Airlines,A320-214,0,8,0,150,158
VQ-BES,S7 Airlines,A320-214,0,8,0,150,158
VQ-BDF,S7 Airlines,A320-214,0,8,0,150,158
VQ-BDE,S7 Airlines,A320-214,0,8,0,150,158
VQ-BCR,S7 Airlines,A320-271N,0,8,0,156,164
VQ-BCK,S7 Airlines,A320-271N,0,8,0,156,164
VQ-BCI,S7 Airlines,A320-214,0,8,0,150,158
VQ-BCH,S7 Airlines,A320-271N,0,8,0,156,164
VQ-BCF,S7 Airlines,A320-271N,0,8,0,156,164
VP-BOL,S7 Airlines,A320-214,0,8,0,150,158
VP-BOJ,S7 Airlines,A320-214,0,8,0,150,158
VP-BOG,S7 Airlines,A320-214,0,8,0,150,158
VP-BCZ,S7 Airlines,A320-214,0,8,0,150,158
VP-BCS,S7 Airlines,A320-214,0,8,0,150,158
VP-BCP,S7 Airlines,A320-214,0,8,0,150,158
VP-BTU,S7 Airlines,A319-114,0,0,0,144,144
VP-BTV,S7 Airlines,A319-114,0,0,0,144,144
VP-BTX,S7 Airlines,A319-114,0,0,0,144,144
VP-BTN,S7 Airlines,A319-114,0,0,0,144,144
VP-BTP,S7 Airlines,A319-114,0,0,0,144,144
VP-BTQ,S7 Airlines,A319-114,0,0,0,144,144
VP-BTS,S7 Airlines,A319-114,0,0,0,144,144
VP-BTT,S7 Airlines,A319-114,0,0,0,144,144
VP-BHF,S7 Airlines,A319-114,0,0,0,144,144
VP-BHG,S7 Airlines,A319-114,0,0,0,144,144
VP-BHI,S7 Airlines,A319-114,0,0,0,144,144
VP-BHJ,S7 Airlines,A319-114,0,0,0,144,144
VP-BHK,S7 Airlines,A319-114,0,0,0,144,144
VP-BHL,S7 Airlines,A319-114,0,0,0,144,144
VP-BHV,S7 Airlines,A319-114,0,0,0,144,144
VP-BHP,S7 Airlines,A319-114,0,0,0,144,144
VP-BHQ,S7 Airlines,A319-114,0,0,0,144,144
VQ-BQK,S7 Airlines,A321-211,0,8,0,189,197
VQ-BQJ,S7 Airlines,A321-211,0,8,0,189,197
VQ-BQI,S7 Airlines,A321-211,0,8,0,189,197
VQ-BQH,S7 Airlines,A321-211,0,8,0,189,197
VP-BPO,S7 Airlines,A321-211,0,8,0,190,198
VP-BPC,S7 Airlines,A321-211,0,8,0,190,198
VQ-BDB,S7 Airlines,A321-231,0,8,0,190,198
VP-BQD,S7 Airlines,B737-83N,0,8,0,168,176
VP-BQF,S7 Airlines,B737-83N,0,8,0,168,176
VP-BND,S7 Airlines,B737-83N,0,8,0,168,176
VP-BDG,S7 Airlines,B737-8Q8,0,8,0,168,176
VP-BDF,S7 Airlines,B737-8Q8,0,8,0,168,176
VP-BLD,S7 Airlines,B737-8Q8,0,8,0,168,176
VQ-BKV,S7 Airlines,B737-8ZS,0,8,0,168,176
VP-BLE,S7 Airlines,B737-8Q8,0,8,0,168,176
VQ-BVL,S7 Airlines,B737-8GJ,0,8,0,168,176
VQ-BVK,S7 Airlines,B737-8GJ,0,8,0,168,176
VQ-BMG,S7 Airlines,B737-8LP,0,8,0,168,176
VQ-BYB,S7 Airlines,ERJ-170SU,0,0,0,78,78
VQ-BYC,S7 Airlines,ERJ-170SU,0,0,0,78,78
VQ-BYD,S7 Airlines,ERJ-170SU,0,0,0,78,78
VQ-BYE,S7 Airlines,ERJ-170SU,0,0,0,78,78
VQ-BYF,S7 Airlines,ERJ-170SU,0,0,0,78,78
VQ-BYG,S7 Airlines,ERJ-170SU,0,0,0,78,78
VQ-BYH,S7 Airlines,ERJ-170SU,0,0,0,78,78
VQ-BYK,S7 Airlines,ERJ-170SU,0,0,0,78,78
VQ-BYL,S7 Airlines,ERJ-170SU,0,0,0,78,78
VQ-BYM,S7 Airlines,ERJ-170SU,0,0,0,78,78
VQ-BYN,S7 Airlines,ERJ-170SU,0,0,0,78,78
VQ-BYR,S7 Airlines,ERJ-170SU,0,0,0,78,78
VQ-BYS,S7 Airlines,ERJ-170SU,0,0,0,78,78
VQ-BYV,S7 Airlines,ERJ-170SU,0,0,0,78,78
VQ-BYW,S7 Airlines,ERJ-170SU,0,0,0,78,78
VP-BVH,S7 Airlines,B767-33A,0,18,0,222,240
VQ-BBI,S7 Airlines,B767-328,0,12,0,240,252
EY-545,Somon Air,B737-3K2,0,0,0,149,149
EY-555,Somon Air,B737-3Y5,0,0,0,149,149
EY-777,Somon Air,B737-8GJ,0,0,0,189,189
EY-787,Somon Air,B737-8GJ,0,0,0,189,189
P4-SOM,Somon Air,B737-93Y,0,16,0,168,184
P4-TAJ,Somon Air,B737-93Y,0,16,0,168,184
N412BC,Somon Air,B737-3K2,0,0,0,149,149
EY-444,Tajik Air,B737-3L9,0,0,0,149,149
EY-751,Tajik Air,B757-2Q8,0,0,0,224,224
EY-757,Tajik Air,B757-231,0,8,0,189,197
TC-JLR,Turkish Airlines,A319-132,0,0,0,132,132
TC-JLS,Turkish Airlines,A319-132,0,0,0,132,132
TC-JLT,Turkish Airlines,A319-132,0,0,0,132,132
TC-JLU,Turkish Airlines,A319-132,0,0,0,132,132
TC-JLV,Turkish Airlines,A319-132,0,0,0,132,132
TC-JLY,Turkish Airlines,A319-132,0,0,0,132,132
TC-JLZ,Turkish Airlines,A319-132,0,0,0,132,132
TC-JUE,Turkish Airlines,A320-232,0,0,0,162,162
TC-JUF,Turkish Airlines,A320-232,0,0,0,162,162
TC-JUG,Turkish Airlines,A320-232,0,0,0,162,162
TC-JUI,Turkish Airlines,A320-232,0,0,0,162,162
TC-JUJ,Turkish Airlines,A320-232,0,0,0,150,150
TC-JUK,Turkish Airlines,A320-232,0,0,0,162,162
TC-JPC,Turkish Airlines,A320-232,0,0,0,159,159
TC-JPD,Turkish Airlines,A320-232,0,0,0,159,159
TC-JPF,Turkish Airlines,A320-232,0,0,0,159,159
TC-JPG,Turkish Airlines,A320-232,0,0,0,159,159
TC-JPH,Turkish Airlines,A320-232,0,0,0,159,159
TC-JPI,Turkish Airlines,A320-232,0,0,0,159,159
TC-JPJ,Turkish Airlines,A320-232,0,0,0,159,159
TC-JPK,Turkish Airlines,A320-232,0,0,0,159,159
TC-JPL,Turkish Airlines,A320-232,0,0,0,159,159
TC-JPM,Turkish Airlines,A320-232,0,0,0,159,159
TC-JPN,Turkish Airlines,A320-232,0,0,0,159,159
TC-JPO,Turkish Airlines,A320-232,0,0,0,159,159
TC-JPR,Turkish Airlines,A320-232,0,0,0,159,159
TC-JPS,Turkish Airlines,A320-232,0,0,0,159,159
TC-JPT,Turkish Airlines,A320-232,0,0,0,159,159
TC-JPV,Turkish Airlines,A320-214,0,0,0,150,150
TC-JLP,Turkish Airlines,A319-132,0,0,0,132,132
TC-JLM,Turkish Airlines,A319-132,0,0,0,132,132
TC-JLO,Turkish Airlines,A319-132,0,0,0,132,132
TC-JUA,Turkish Airlines,A319-132,0,0,0,132,132
TC-JUB,Turkish Airlines,A319-132,0,0,0,132,132
TC-JUD,Turkish Airlines,A319-132,0,0,0,132,132
TC-JLN,Turkish Airlines,A319-132,0,0,0,132,132
TC-JPY,Turkish Airlines,A320-214,0,0,0,150,150
TC-JFL,Turkish Airlines,B737-8F2,0,6,0,159,165
TC-JFM,Turkish Airlines,B737-8F2,0,6,0,159,165
TC-JFU,Turkish Airlines,B737-8F2,0,6,0,159,165
TC-JFV,Turkish Airlines,B737-8F2,0,6,0,159,165
TC-JGA,Turkish Airlines,B737-8F2,0,6,0,159,165
TC-JGC,Turkish Airlines,B737-8F2,0,6,0,159,165
TC-JGD,Turkish Airlines,B737-8F2,0,6,0,159,165
TC-JGM,Turkish Airlines,B737-8F2,0,6,0,159,165
TC-JKO,Turkish Airlines,B737-752,0,12,0,112,124
TC-JGG,Turkish Airlines,B737-8F2,0,6,0,159,165
TC-JGI,Turkish Airlines,B737-8F2,0,6,0,159,165
TC-JGK,Turkish Airlines,B737-8F2,0,6,0,159,165
TC-JGO,Turkish Airlines,B737-8F2,0,6,0,159,165
TC-JGP,Turkish Airlines,B737-8F2,0,6,0,159,165
TC-JGR,Turkish Airlines,B737-8F2,0,6,0,159,165
TC-JGS,Turkish Airlines,B737-8F2,0,6,0,159,165
TC-JGT,Turkish Airlines,B737-8F2,0,6,0,159,165
TC-JGU,Turkish Airlines,B737-8F2,0,6,0,159,165
TC-JGV,Turkish Airlines,B737-8F2,0,6,0,159,165
TC-JGY,Turkish Airlines,B737-8F2,0,6,0,159,165
TC-JGZ,Turkish Airlines,B737-8F2,0,6,0,159,165
TC-JHA,Turkish Airlines,B737-8F2,0,6,0,159,165
TC-JHB,Turkish Airlines,B737-8F2,0,6,0,159,165
TC-JHC,Turkish Airlines,B737-8F2,0,6,0,159,165
TC-JHD,Turkish Airlines,B737-8F2,0,6,0,159,165
TC-JHE,Turkish Airlines,B737-8F2,0,6,0,159,165
TC-JHF,Turkish Airlines,B737-8F2,0,6,0,159,165
TC-JYA,Turkish Airlines,B737-9F2,0,16,0,135,151
TC-JYB,Turkish Airlines,B737-9F2,0,16,0,135,151
TC-JHK,Turkish Airlines,B737-8F2,0,16,0,135,151
TC-JHL,Turkish Airlines,B737-8F2,0,16,0,135,151
TC-JYC,Turkish Airlines,B737-8F2,0,16,0,135,151
TC-JYD,Turkish Airlines,B737-9F2,0,16,0,135,151
TC-JYE,Turkish Airlines,B737-9F2,0,16,0,135,151
TC-JHM,Turkish Airlines,B737-8F2,0,16,0,135,151
TC-JHN,Turkish Airlines,B737-8F2,0,16,0,135,151
TC-JYF,Turkish Airlines,B737-9F2,0,16,0,135,151
TC-JYG,Turkish Airlines,B737-9F2,0,16,0,135,151
TC-JYH,Turkish Airlines,B737-9F2,0,16,0,135,151
TC-JYI,Turkish Airlines,B737-9F2,0,16,0,135,151
TC-JYJ,Turkish Airlines,B737-9F2,0,16,0,135,151
TC-JHO,Turkish Airlines,B737-8F2,0,16,0,135,151
TC-JVA,Turkish Airlines,B737-8F2,0,16,0,135,151
TC-JHR,Turkish Airlines,B737-8F2,0,16,0,135,151
TC-JVB,Turkish Airlines,B737-8F2,0,16,0,135,151
TC-JHS,Turkish Airlines,B737-8F2,0,16,0,135,151
TC-JHV,Turkish Airlines,B737-8F2,0,16,0,135,151
TC-JHP,Turkish Airlines,B737-8F2,0,16,0,135,151
TC-JHT,Turkish Airlines,B737-8F2,0,16,0,135,151
TC-JHU,Turkish Airlines,B737-8F2,0,16,0,135,151
TC-JHY,Turkish Airlines,B737-8F2,0,16,0,135,151
TC-JHZ,Turkish Airlines,B737-8F2,0,16,0,135,151
TC-JVC,Turkish Airlines,B737-8F2,0,16,0,135,151
TC-JVE,Turkish Airlines,B737-8F2,0,16,0,135,151
TC-JVD,Turkish Airlines,B737-8F2,0,16,0,135,151
TC-JVF,Turkish Airlines,B737-8F2,0,16,0,135,151
TC-JVG,Turkish Airlines,B737-8F2,0,16,0,135,151
TC-JYL,Turkish Airlines,B737-9F2,0,16,0,135,151
TC-JYM,Turkish Airlines,B737-9F2,0,16,0,135,151
TC-JYN,Turkish Airlines,B737-9F2,0,16,0,135,151
TC-JYO,Turkish Airlines,B737-9F2,0,16,0,135,151
TC-JYP,Turkish Airlines,B737-9F2,0,16,0,135,151
TC-JVH,Turkish Airlines,B737-8F2,0,16,0,135,151
TC-JVI,Turkish Airlines,B737-8F2,0,16,0,135,151
TC-JVK,Turkish Airlines,B737-8F2,0,16,0,135,151
TC-JVJ,Turkish Airlines,B737-8F2,0,16,0,135,151
TC-JVM,Turkish Airlines,B737-8F2,0,16,0,135,151
TC-JVL,Turkish Airlines,B737-8F2,0,16,0,135,151
TC-JVN,Turkish Airlines,B737-8F2,0,16,0,135,151
TC-JVP,Turkish Airlines,B737-8F2,0,16,0,135,151
TC-JVT,Turkish Airlines,B737-8F2,0,16,0,135,151
TC-JVS,Turkish Airlines,B737-8F2,0,16,0,135,151
TC-JVU,Turkish Airlines,B737-8F2,0,16,0,135,151
TC-JVV,Turkish Airlines,B737-8F2,0,16,0,135,151
TC-JVY,Turkish Airlines,B737-8F2,0,16,0,135,151
TC-JVZ,Turkish Airlines,B737-8F2,0,16,0,135,151
TC-JZE,Turkish Airlines,B737-8F2,0,16,0,135,151
TC-JZF,Turkish Airlines,B737-8F2,0,16,0,135,151
TC-JZG,Turkish Airlines,B737-8F2,0,16,0,135,151
TC-JZH,Turkish Airlines,B737-8F2,0,16,0,135,151
TC-JVR,Turkish Airlines,B737-8F2,0,16,0,135,151
TC-JVO,Turkish Airlines,B737-8F2,0,16,0,135,151
TC-JGN,Turkish Airlines,B737-8F2,0,6,0,159,165
TC-JGH,Turkish Airlines,B737-8F2,0,6,0,159,165
TC-JGL,Turkish Airlines,B737-8F2,0,6,0,159,165
TC-JRA,Turkish Airlines,A321-231,0,8,0,186,194
TC-JRB,Turkish Airlines,A321-231,0,8,0,186,194
TC-JMM,Turkish Airlines,A321-231,0,8,0,186,194
TC-JMN,Turkish Airlines,A321-231,0,20,0,158,178
TC-JRC,Turkish Airlines,A321-231,0,20,0,158,178
TC-JRD,Turkish Airlines,A321-231,0,8,0,186,194
TC-JRE,Turkish Airlines,A321-231,0,8,0,186,194
TC-JRF,Turkish Airlines,A321-231,0,8,0,186,194
TC-JRG,Turkish Airlines,A321-231,0,8,0,186,194
TC-JRH,Turkish Airlines,A321-231,0,8,0,186,194
TC-JML,Turkish Airlines,A321-231,0,20,0,158,178
TC-JRI,Turkish Airlines,A321-231,0,8,0,186,194
TC-JRJ,Turkish Airlines,A321-231,0,8,0,186,194
TC-JRK,Turkish Airlines,A321-231,0,8,0,186,194
TC-JRL,Turkish Airlines,A321-231,0,8,0,186,194
TC-JMH,Turkish Airlines,A321-231,0,20,0,158,178
TC-JMI,Turkish Airlines,A321-231,0,20,0,158,178
TC-JMJ,Turkish Airlines,A321-231,0,20,0,158,178
TC-JMK,Turkish Airlines,A321-231,0,20,0,158,178
TC-JRM,Turkish Airlines,A321-231,0,16,0,164,180
TC-JRN,Turkish Airlines,A321-231,0,16,0,164,180
TC-JRO,Turkish Airlines,A321-231,0,16,0,164,180
TC-JRP,Turkish Airlines,A321-231,0,16,0,164,180
TC-JRR,Turkish Airlines,A321-231,0,16,0,164,180
TC-JRS,Turkish Airlines,A321-231,0,16,0,164,180
TC-JRT,Turkish Airlines,A321-231,0,16,0,164,180
TC-JRU,Turkish Airlines,A321-231,0,16,0,164,180
TC-JRV,Turkish Airlines,A321-231,0,16,0,164,180
TC-JRY,Turkish Airlines,A321-231,0,16,0,164,180
TC-JRZ,Turkish Airlines,A321-231,0,16,0,164,180
TC-JSA,Turkish Airlines,A321-231,0,16,0,164,180
TC-JSB,Turkish Airlines,A321-231,0,16,0,164,180
TC-JSC,Turkish Airlines,A321-231,0,16,0,164,180
TC-JSD,Turkish Airlines,A321-231,0,16,0,164,180
TC-JSE,Turkish Airlines,A321-231,0,16,0,164,180
TC-JSF,Turkish Airlines,A321-231,0,16,0,164,180
TC-JSG,Turkish Airlines,A321-231,0,16,0,164,180
TC-JSH,Turkish Airlines,A321-231,0,16,0,164,180
TC-JSI,Turkish Airlines,A321-231,0,16,0,164,180
TC-JSJ,Turkish Airlines,A321-231,0,16,0,164,180
TC-JSK,Turkish Airlines,A321-231,0,16,0,164,180
TC-JSL,Turkish Airlines,A321-231,0,16,0,164,180
TC-JSM,Turkish Airlines,A321-231,0,16,0,164,180
TC-JSN,Turkish Airlines,A321-231,0,20,0,158,178
TC-JSO,Turkish Airlines,A321-231,0,20,0,158,178
TC-JSP,Turkish Airlines,A321-231,0,20,0,158,178
TC-JSR,Turkish Airlines,A321-231,0,20,0,158,178
TC-JSS,Turkish Airlines,A321-231,0,20,0,158,178
TC-JST,Turkish Airlines,A321-231,0,20,0,158,178
TC-JSU,Turkish Airlines,A321-231,0,20,0,158,178
TC-JSV,Turkish Airlines,A321-231,0,20,0,158,178
TC-JSY,Turkish Airlines,A321-231,0,20,0,158,178
TC-JSZ,Turkish Airlines,A321-231,0,20,0,158,178
TC-JTA,Turkish Airlines,A321-231,0,20,0,158,178
TC-JTD,Turkish Airlines,A321-231,0,20,0,158,178
TC-JTE,Turkish Airlines,A321-231,0,20,0,158,178
TC-JTF,Turkish Airlines,A321-231,0,20,0,158,178
TC-JTG,Turkish Airlines,A321-231,0,20,0,158,178
TC-JTH,Turkish Airlines,A321-231,0,20,0,158,178
TC-JTI,Turkish Airlines,A321-231,0,20,0,158,178
TC-JTJ,Turkish Airlines,A321-231,0,20,0,158,178
TC-JTK,Turkish Airlines,A321-231,0,20,0,158,178
TC-JTL,Turkish Airlines,A321-231,0,20,0,158,178
TC-JTM,Turkish Airlines,A321-231,0,20,0,158,178
TC-JTN,Turkish Airlines,A321-231,0,20,0,158,178
TC-JTO,Turkish Airlines,A321-231,0,20,0,158,178
TC-JTP,Turkish Airlines,A321-231,0,20,0,158,178
TC-JTR,Turkish Airlines,A321-231,0,20,0,158,178
TC-JNA,Turkish Airlines,A330-203,0,18,0,232,250
TC-JNB,Turkish Airlines,A330-203,0,18,0,232,250
TC-JNC,Turkish Airlines,A330-203,0,18,0,232,250
TC-JND,Turkish Airlines,A330-203,0,18,0,232,250
TC-JNE,Turkish Airlines,A330-203,0,18,0,232,250
TC-JIO,Turkish Airlines,A330-223,0,24,0,255,279
TC-LNA,Turkish Airlines,A330-223,0,24,0,251,275
TC-JIP,Turkish Airlines,A330-223,0,24,0,255,279
TC-JIL,Turkish Airlines,A330-203,0,30,0,190,220
TC-JIM,Turkish Airlines,A330-203,0,30,0,190,220
TC-JIN,Turkish Airlines,A330-203,0,30,0,190,220
TC-LNB,Turkish Airlines,A330-223,0,18,0,251,269
TC-JIR,Turkish Airlines,A330-223,0,24,0,255,279
TC-JIS,Turkish Airlines,A330-223,0,24,0,255,279
TC-JIT,Turkish Airlines,A330-223,0,24,0,255,279
TC-JIZ,Turkish Airlines,A330-223,0,24,0,255,279
TC-JNH,Turkish Airlines,A330-343,0,28,0,261,289
TC-JNI,Turkish Airlines,A330-343,0,28,0,261,289
TC-JNJ,Turkish Airlines,A330-343,0,28,0,261,289
TC-JNK,Turkish Airlines,A330-343,0,28,0,261,289
TC-JNL,Turkish Airlines,A330-343,0,28,0,261,289
TC-JNM,Turkish Airlines,A330-343,0,28,0,261,289
TC-JNN,Turkish Airlines,A330-343,0,28,0,261,289
TC-JNO,Turkish Airlines,A330-343,0,28,0,261,289
TC-JNP,Turkish Airlines,A330-343,0,28,0,261,289
TC-JNR,Turkish Airlines,A330-343,0,28,0,261,289
TC-JNS,Turkish Airlines,A330-303,0,28,0,261,289
TC-JNT,Turkish Airlines,A330-303,0,28,0,261,289
TC-LOA,Turkish Airlines,A330-343,0,40,0,265,305
TC-JNZ,Turkish Airlines,A330-303,0,28,0,261,289
TC-LOB,Turkish Airlines,A330-343,0,40,0,265,305
TC-JOM,Turkish Airlines,A330-302,0,28,0,263,291
TC-JOA,Turkish Airlines,A330-303,0,28,0,261,289
TC-JOB,Turkish Airlines,A330-303,0,28,0,261,289
TC-JOD,Turkish Airlines,A330-303,0,28,0,261,289
TC-LOC,Turkish Airlines,A330-343,0,40,0,265,305
TC-LOD,Turkish Airlines,A330-343,0,40,0,265,305
TC-JOE,Turkish Airlines,A330-303,0,28,0,261,289
TC-LOE,Turkish Airlines,A330-343,0,40,0,265,305
TC-JOF,Turkish Airlines,A330-303,0,28,0,261,289
TC-JOG,Turkish Airlines,A330-303,0,28,0,261,289
TC-JOH,Turkish Airlines,A330-303,0,28,0,261,289
TC-JOI,Turkish Airlines,A330-303,0,28,0,261,289
TC-LOF,Turkish Airlines,A330-343,0,40,0,265,305
TC-JOJ,Turkish Airlines,A330-303,0,28,0,261,289
TC-JOK,Turkish Airlines,A330-303,0,28,0,261,289
TC-JOL,Turkish Airlines,A330-303,0,28,0,261,289
TC-LOG,Turkish Airlines,A330-343,0,40,0,265,305
TC-LNC,Turkish Airlines,A330-303,0,28,0,261,289
TC-LND,Turkish Airlines,A330-303,0,28,0,261,289
TC-LNE,Turkish Airlines,A330-303,0,28,0,261,289
TC-LNF,Turkish Airlines,A330-303,0,28,0,261,289
TC-LNG,Turkish Airlines,A330-303,0,28,0,261,289
VQ-BOF,Ural Airlines,A321-211,0,0,0,220,220
VQ-BKJ,Ural Airlines,A321-211,0,0,0,220,220
VQ-BKH,Ural Airlines,A321-211,0,0,0,220,220
VQ-BKG,Ural Airlines,A321-211,0,0,0,220,220
VQ-BOC,Ural Airlines,A321-231,0,0,0,220,220
VQ-BCX,Ural Airlines,A321-211,0,0,0,220,220
VQ-BOB,Ural Airlines,A321-211,0,0,0,220,220
VQ-BOZ,Ural Airlines,A321-211,0,0,0,220,220
VQ-BCE,Ural Airlines,A321-231,0,0,0,220,220
VP-BVP,Ural Airlines,A321-211,0,0,0,220,220
VP-BBH,Ural Airlines,A321-211,0,0,0,220,220
VP-BIH,Ural Airlines,A321-211,0,0,0,220,220
VP-BSW,Ural Airlines,A321-231,0,0,0,220,220
VP-BSY,Ural Airlines,A321-231,0,0,0,220,220
VP-BFZ,Ural Airlines,A320-214,0,12,0,144,156
VQ-BAG,Ural Airlines,A320-214,0,12,0,144,156
VQ-BFV,Ural Airlines,A320-214,0,12,0,144,156
VQ-BCY,Ural Airlines,A320-214,0,12,0,144,156
VQ-BLO,Ural Airlines,A320-214,0,12,0,144,156
VQ-BCZ,Ural Airlines,A320-214,0,12,0,144,156
VP-BMW,Ural Airlines,A320-214,0,12,0,144,156
VQ-BDM,Ural Airlines,A320-214,0,12,0,144,156
VQ-BDJ,Ural Airlines,A320-214,0,12,0,144,156
VP-BBQ,Ural Airlines,A320-214,0,12,0,144,156
VQ-BFW,Ural Airlines,A320-214,0,12,0,144,156
VP-BDL,Ural Airlines,A320-232,0,12,0,144,156
VP-BMT,Ural Airlines,A320-214,0,12,0,144,156
VQ-BGJ,Ural Airlines,A320-232,0,12,0,144,156
VQ-BCI,Ural Airlines,A320-214,0,12,0,144,156
VP-BQW,Ural Airlines,A320-214,0,12,0,144,156
VQ-BRE,Ural Airlines,A320-214,0,12,0,144,156
VP-BIE,Ural Airlines,A320-214,0,12,0,144,156
VP-BTZ,Ural Airlines,A320-214,0,12,0,144,156
VP-BKB,Ural Airlines,A320-214,0,12,0,144,156
VP-BKX,Ural Airlines,A320-214,0,12,0,150,162
VQ-BQN,Ural Airlines,A320-214,0,12,0,144,156
VQ-BNI,Ural Airlines,A320-214,0,12,0,144,156
VQ-BGI,Ural Airlines,A320-232,0,12,0,144,156
VP-BBG,Ural Airlines,A319-112,0,8,0,126,134
VP-BJV,Ural Airlines,A319-112,0,8,0,126,134
VP-BTF,Ural Airlines,A319-112,0,8,0,126,134
VP-BTE,Ural Airlines,A319-112,0,8,0,126,134
VQ-BTY,Ural Airlines,A319-112,0,8,0,126,134
VQ-BTZ,Ural Airlines,A319-112,0,8,0,126,134
VQ-BTP,Ural Airlines,A319-112,0,8,0,126,134
VQ-BDA,Ural Airlines,A321-211,0,0,0,220,220
VQ-BLC,Utair,ATR 72-500,0,0,0,70,70
VQ-BLD,Utair,ATR 72-500,0,0,0,70,70
VQ-BLE,Utair,ATR 72-500,0,0,0,70,70
VQ-BLF,Utair,ATR 72-500,0,0,0,70,70
VQ-BLG,Utair,ATR 72-500,0,0,0,70,70
VQ-BLH,Utair,ATR 72-500,0,0,0,70,70
VQ-BLI,Utair,ATR 72-500,0,0,0,70,70
VQ-BLJ,Utair,ATR 72-500,0,0,0,70,70
VQ-BLK,Utair,ATR 72-500,0,0,0,70,70
VQ-BLL,Utair,ATR 72-500,0,0,0,70,70
VQ-BLM,Utair,ATR 72-500,0,0,0,70,70
VQ-BLN,Utair,ATR 72-500,0,0,0,70,70
VQ-BMA,Utair,ATR 72-500,0,0,0,70,70
VQ-BMB,Utair,ATR 72-500,0,0,0,70,70
VQ-BMD,Utair,ATR 72-500,0,0,0,70,70
VQ-BHZ,Utair,B737-46M,0,0,0,159,159
VQ-BIC,Utair,B737-45S,0,0,0,159,159
VQ-BID,Utair,B737-45S,0,0,0,159,159
VQ-BIE,Utair,B737-45S,0,0,0,159,159
VQ-BIF,Utair,B737-45S,0,0,0,159,159
VQ-BIG,Utair,B737-45S,0,0,0,159,159
VP-BFO,Utair,B737-524,0,0,0,126,126
VP-BFS,Utair,B737-524,0,0,0,126,126
VP-BFW,Utair,B737-524,0,0,0,126,126
VP-BVL,Utair,B737-524,0,0,0,126,126
VP-BVN,Utair,B737-524,0,0,0,126,126
VP-BVZ,Utair,B737-524,0,0,0,126,126
VP-BXO,Utair,B737-524,0,0,0,126,126
VP-BXQ,Utair,B737-524,0,0,0,126,126
VP-BXR,Utair,B737-524,0,0,0,126,126
VP-BXU,Utair,B737-524,0,0,0,126,126
VP-BXY,Utair,B737-524,0,0,0,126,126
VP-BYK,Utair,B737-524,0,0,0,126,126
VP-BYL,Utair,B737-524,0,0,0,126,126
VP-BYM,Utair,B737-524,0,0,0,126,126
VQ-BAC,Utair,B737-524,0,0,0,126,126
N16618,Utair,B737-524,0,0,0,126,126
VQ-BAD,Utair,B737-524,0,0,0,126,126
VQ-BAE,Utair,B737-524,0,0,0,126,126
VQ-BJL,Utair,B737-524,0,0,0,126,126
VQ-BJM,Utair,B737-524,0,0,0,126,126
VQ-BJN,Utair,B737-524,0,0,0,126,126
VQ-BJO,Utair,B737-524,0,0,0,126,126
VQ-BJP,Utair,B737-524,0,0,0,126,126
VQ-BJQ,Utair,B737-524,0,0,0,126,126
VQ-BJS,Utair,B737-524,0,0,0,126,126
VQ-BJT,Utair,B737-524,0,0,0,126,126
VQ-BJU,Utair,B737-524,0,0,0,126,126
VQ-BJV,Utair,B737-524,0,0,0,126,126
VQ-BPO,Utair,B737-524,0,8,0,106,114
VQ-BPP,Utair,B737-524,0,0,0,126,126
VQ-BPQ,Utair,B737-524,0,0,0,126,126
VQ-BPR,Utair,B737-524,0,0,0,126,126
VQ-BPS,Utair,B737-524,0,0,0,126,126
VQ-BDH,Utair,B737-8S3,0,0,0,186,186
VQ-BJF,Utair,B737-8AS,0,0,0,186,186
VQ-BJG,Utair,B737-8AS,0,0,0,186,186
VQ-BJH,Utair,B737-8AS,0,0,0,186,186
VQ-BJI,Utair,B737-8AS,0,0,0,186,186
VQ-BJJ,Utair,B737-8AS,0,0,0,186,186
VQ-BQP,Utair,B737-8GU,0,12,0,147,159
VQ-BQQ,Utair,B737-8GU,0,12,0,147,159
VQ-BQR,Utair,B737-8GU,0,12,0,147,159
VQ-BQS,Utair,B737-8GU,0,12,0,147,159
VP-BAG,Utair,B767-224,0,10,0,245,255
VP-BAI,Utair,B767-224,0,10,0,245,255
VP-BAL,Utair,B767-224,0,10,0,245,255
UK-32011,Uzbekistan Airways,A320-214,0,12,0,138,150
UK-32012,Uzbekistan Airways,A320-214,0,12,0,138,150
UK-32014,Uzbekistan Airways,A320-214,0,12,0,138,150
UK-32015,Uzbekistan Airways,A320-214,0,12,0,138,150
UK-32016,Uzbekistan Airways,A320-214,0,12,0,138,150
UK-32017,Uzbekistan Airways,A320-214,0,12,0,138,150
UK-32018,Uzbekistan Airways,A320-214,0,12,0,138,150
UK-32019,Uzbekistan Airways,A320-214,0,12,0,138,150
UK-32020,Uzbekistan Airways,A320-214,0,12,0,138,150
UK-75701,Uzbekistan Airways,B757-23P,0,26,0,158,184
UK-75702,Uzbekistan Airways,B757-23P,0,26,0,158,184
VP-BUH,Uzbekistan Airways,B757-231,0,22,0,168,190
VP-BUI,Uzbekistan Airways,B757-231,0,22,0,168,190
VP-BUJ,Uzbekistan Airways,B757-231,0,22,0,168,190
UK-67003,Uzbekistan Airways,B767-33P,0,15,0,232,247
UK-67004,Uzbekistan Airways,B767-33P,0,15,0,232,247
UK-67005,Uzbekistan Airways,B767-33P,0,15,0,232,247
UK-67006,Uzbekistan Airways,B767-33P,0,15,0,232,247
UK-67007,Uzbekistan Airways,B767-3CB,0,18,0,246,264
VP-BUF,Uzbekistan Airways,B767-33P,0,18,0,246,264
UK-67008,Uzbekistan Airways,B767-33P,0,18,0,246,264
UK-78701,Uzbekistan Airways,B787-8,0,24,0,222,246
UK-78702,Uzbekistan Airways,B787-8,0,24,0,222,246
VP-BDY,VIM Airlines,A319-112,0,0,0,150,150
VP-BDZ,VIM Airlines,A319-112,0,0,0,150,150
VQ-BTL,VIM Airlines,A319-111,0,0,0,150,150
VP-BVU,VIM Airlines,B737-5Y0,0,0,0,126,126
VP-BVV,VIM Airlines,B737-5Y0,0,0,0,126,126
VP-BVS,VIM Airlines,B737-524,0,0,0,126,126
VQ-BTK,VIM Airlines,A319-111,0,0,0,150,150
RA-73007,VIM Airlines,B757-230,0,0,0,220,220
RA-73008,VIM Airlines,B757-230,0,0,0,220,220
RA-73009,VIM Airlines,B757-230,0,0,0,220,220
RA-73010,VIM Airlines,B757-230,0,0,0,220,220
RA-73011,VIM Airlines,B757-230,0,0,0,220,220
RA-73012,VIM Airlines,B757-230,0,0,0,220,220
RA-73014,VIM Airlines,B757-230,0,0,0,220,220
RA-73015,VIM Airlines,B757-230,0,0,0,220,220
RA-73016,VIM Airlines,B757-230,0,0,0,220,220
RA-73017,VIM Airlines,B757-230,0,0,0,220,220
RA-73018,VIM Airlines,B757-230,0,0,0,220,220
RA-73019,VIM Airlines,B757-230,0,0,0,220,220
EI-LTA,VIM Airlines,B757-23N,0,0,0,220,220
EU-LTU,VIM Airlines,B757-23N,0,0,0,220,220
EI-LTY,VIM Airlines,B757-23N,0,0,0,220,220
VP-BBN,Yamal Airlines,A320-232,0,8,0,156,164
VP-BCU,Yamal Airlines,A320-232,0,8,0,156,164
VP-BCN,Yamal Airlines,A320-232,0,8,0,156,164
VP-BHW,Yamal Airlines,A320-232,0,8,0,156,164
VP-BHZ,Yamal Airlines,A320-214,0,8,0,156,164
VP-BHX,Yamal Airlines,A320-214,0,8,0,156,164
VQ-BZS,Yamal Airlines,A320-232,0,0,0,180,180
VQ-BWZ,Yamal Airlines,A320-232,0,0,0,180,180
VP-BNH,Rusline,CRJ-100ER,0,0,0,50,50
VP-BNK,Rusline,CRJ-100ER,0,0,0,50,50
VP-BNM,Rusline,CRJ-100ER,0,0,0,50,50
VP-BNO,Rusline,CRJ-100ER,0,0,0,50,50
VP-BVC,Rusline,CRJ-100ER,0,0,0,50,50
VP-BVD,Rusline,CRJ-100ER,0,0,0,50,50
VP-BVK,Rusline,CRJ-100ER,0,0,0,50,50
VQ-BNA,Rusline,CRJ-100ER,0,0,0,50,50
VQ-BNB,Rusline,CRJ-100ER,0,0,0,50,50
VQ-BND,Rusline,CRJ-100ER,0,0,0,50,50
VQ-BNE,Rusline,CRJ-100ER,0,0,0,50,50
VQ-BNL,Rusline,CRJ-100ER,0,0,0,50,50
VQ-BNY,Rusline,CRJ-100ER,0,0,0,50,50
VQ-BMN,Rusline,CRJ-100ER,0,0,0,50,50
VQ-BBW,Rusline,CRJ-100ER,0,0,0,50,50
VQ-BFA,Rusline,CRJ-100ER,0,0,0,50,50
VQ-BFB,Rusline,CRJ-100ER,0,0,0,50,50
VQ-BFF,Rusline,CRJ-100ER,0,0,0,50,50
VQ-BFI,Rusline,CRJ-100ER,0,0,0,50,50
VQ-BIX,Rusline,CRJ-100ER,0,0,0,50,50
4L-TGM,Airzena Georgian Airways,B737-76N,0,12,0,120,132
4L-TGN,Airzena Georgian Airways,B737-7BK,0,12,0,120,132
4L-TGO,Airzena Georgian Airways,B737-7CT,0,12,0,120,132
OH-LXI,Finnair,A320-214,0,14,0,151,165
OH-LVI,Finnair,A319-112,0,14,0,124,138
OH-LVK,Finnair,A319-112,0,14,0,124,138
OH-LVH,Finnair,A319-112,0,14,0,124,138
OH-LVL,Finnair,A319-112,0,14,0,124,138
EW-513PO,Belavia,ERJ-195LR,0,11,0,96,107
YL-CSB,Air Baltic,CS300,0,0,0,145,145
YL-CSE,Air Baltic,CS300,0,0,0,145,145
YL-CSH,Air Baltic,CS300,0,0,0,145,145
YL-CSG,Air Baltic,CS300,0,0,0,145,145
YL-CSF,Air Baltic,CS300,0,0,0,145,145
B-6609,Air China,A320-214,0,8,0,150,158
B-6610,Air China,A320-214,0,8,0,150,158
B-6606,Air China,A320-214,0,8,0,150,158
B-6607,Air China,A320-214,0,8,0,150,158
B-6611,Air China,A320-214,0,8,0,150,158
B-6608,Air China,A320-214,0,8,0,150,158
B-6676,Air China,A320-232,0,8,0,150,158
B-6677,Air China,A320-232,0,8,0,150,158
B-6731,Air China,A320-232,0,8,0,150,158
B-6733,Air China,A320-232,0,8,0,150,158
B-6745,Air China,A320-232,0,8,0,150,158
B-6773,Air China,A320-232,0,8,0,150,158
B-6767,Air China,A320-214,0,8,0,150,158
B-6793,Air China,A320-214,0,8,0,150,158
B-6847,Air China,A320-214,0,8,0,150,158
B-6822,Air China,A320-214,0,8,0,150,158
B-6828,Air China,A320-214,0,8,0,150,158
B-6846,Air China,A320-214,0,8,0,150,158
B-6882,Air China,A320-232,0,8,0,150,158
B-6915,Air China,A320-214,0,8,0,150,158
B-6916,Air China,A320-214,0,8,0,150,158
B-6918,Air China,A320-214,0,8,0,150,158
B-6881,Air China,A320-214,0,8,0,150,158
B-6941,Air China,A320-214,0,8,0,150,158
B-6967,Air China,A320-214,0,8,0,150,158
B-9918,Air China,A320-214,0,8,0,150,158
B-9922,Air China,A320-232,0,8,0,150,158
B-9923,Air China,A320-214,0,8,0,150,158
B-9925,Air China,A320-214,0,8,0,150,158
B-9926,Air China,A320-214,0,8,0,150,158
B-1853,Air China,A320-214,0,8,0,150,158
B-1852,Air China,A320-214,0,8,0,150,158
B-1873,Air China,A320-214,0,8,0,150,158
B-1875,Air China,A320-214,0,8,0,150,158
B-1686,Air China,A320-214,0,8,0,150,158
B-1687,Air China,A320-214,0,8,0,150,158
B-8337,Air China,A320-232,0,8,0,150,158
B-8429,Air China,A320-232,0,8,0,150,158
B-8338,Air China,A320-232,0,8,0,150,158
B-8490,Air China,A320-232,0,8,0,150,158
B-8491,Air China,A320-232,0,8,0,150,158
B-8493,Air China,A320-232,0,8,0,150,158
B-8743,Air China,A320-232,0,8,0,150,158
B-8582,Air China,A320-232,0,8,0,150,158
B-3197,China Southern Airlines,ERJ-190LR,0,6,16,76,98
B-3198,China Southern Airlines,ERJ-190LR,0,6,16,76,98
B-3199,China Southern Airlines,ERJ-190LR,0,6,16,76,98
B-3146,China Southern Airlines,ERJ-190LR,0,6,16,76,98
B-3147,China Southern Airlines,ERJ-190LR,0,6,16,76,98
B-3148,China Southern Airlines,ERJ-190LR,0,6,16,76,98
B-3149,China Southern Airlines,ERJ-190LR,0,6,16,76,98
B-3136,China Southern Airlines,ERJ-190LR,0,6,16,76,98
B-3137,China Southern Airlines,ERJ-190LR,0,6,16,76,98
B-3145,China Southern Airlines,ERJ-190LR,0,6,16,76,98
B-3135,China Southern Airlines,ERJ-190LR,0,6,16,76,98
B-3138,China Southern Airlines,ERJ-190LR,0,6,16,76,98
B-3139,China Southern Airlines,ERJ-190LR,0,6,16,76,98
B-3205,China Southern Airlines,ERJ-190LR,0,6,16,76,98
B-3206,China Southern Airlines,ERJ-190LR,0,6,16,76,98
B-3209,China Southern Airlines,ERJ-190LR,0,6,16,76,98
B-3210,China Southern Airlines,ERJ-190LR,0,6,16,76,98
B-3216,China Southern Airlines,ERJ-190LR,0,6,16,76,98
B-3217,China Southern Airlines,ERJ-190LR,0,6,16,76,98
B-3218,China Southern Airlines,ERJ-190LR,0,6,16,76,98
B-6056,China Southern Airlines,A330-243,0,24,50,184,258
B-6057,China Southern Airlines,A330-243,0,24,50,184,258
B-6058,China Southern Airlines,A330-243,0,24,50,184,258
B-6059,China Southern Airlines,A330-243,0,24,50,184,258
B-6077,China Southern Airlines,A330-243,0,24,50,184,258
B-6078,China Southern Airlines,A330-243,0,24,50,184,258
B-6086,China Southern Airlines,A330-343,4,24,48,208,284
B-6087,China Southern Airlines,A330-343,4,24,48,208,284
B-6098,China Southern Airlines,A330-343,4,24,48,208,284
B-6111,China Southern Airlines,A330-343,4,24,48,208,284
B-6112,China Southern Airlines,A330-343,4,24,48,208,284
B-6500,China Southern Airlines,A330-343,4,24,48,208,284
B-6502,China Southern Airlines,A330-343,4,24,48,208,284
B-6501,China Southern Airlines,A330-343,4,24,48,208,284
B-6135,China Southern Airlines,A330-223,4,24,84,142,254
B-6515,China Southern Airlines,A330-223,4,24,84,142,254
B-6516,China Southern Airlines,A330-223,4,24,84,142,254
B-6528,China Southern Airlines,A330-223,4,24,84,142,254
B-6526,China Southern Airlines,A330-223,4,24,84,142,254
B-6531,China Southern Airlines,A330-223,4,24,84,142,254
B-6532,China Southern Airlines,A330-223,4,24,84,142,254
B-6542,China Southern Airlines,A330-223,4,24,84,142,254
B-6547,China Southern Airlines,A330-223,4,24,84,142,254
B-6548,China Southern Airlines,A330-223,4,24,84,142,254
B-5917,China Southern Airlines,A330-323,0,30,48,197,275
B-5922,China Southern Airlines,A330-323,0,30,48,197,275
B-5928,China Southern Airlines,A330-323,0,30,48,197,275
B-5939,China Southern Airlines,A330-323,0,30,48,197,275
B-5940,China Southern Airlines,A330-323,0,30,48,197,275
B-5951,China Southern Airlines,A330-323,0,30,48,197,275
B-5959,China Southern Airlines,A330-323,0,12,24,242,278
B-5965,China Southern Airlines,A330-323,0,12,24,242,278
B-5966,China Southern Airlines,A330-323,0,30,41,187,258
B-5967,China Southern Airlines,A330-323,0,12,24,242,278
B-5970,China Southern Airlines,A330-323,0,30,41,187,258
B-8358,China Southern Airlines,A330-323,0,30,41,187,258
B-8359,China Southern Airlines,A330-323,0,12,24,242,278
B-8426,China Southern Airlines,A330-323,0,12,24,242,278
B-8870,China Southern Airlines,A330-323,0,30,48,197,275
B-8360,China Southern Airlines,A330-323,0,28,0,258,286
B-8361,China Southern Airlines,A330-343,0,28,0,258,286
B-8362,China Southern Airlines,A330-343,0,28,0,258,286
B-8363,China Southern Airlines,A330-343,0,28,0,258,286
B-8365,China Southern Airlines,A330-343,0,28,0,258,286
B-8366,China Southern Airlines,A330-343,0,28,0,258,286
B-1062,China Southern Airlines,A330-343,0,28,0,258,286
B-1063,China Southern Airlines,A330-343,0,28,0,258,286
B-1065,China Southern Airlines,A330-343,0,28,0,258,286
B-1323,Urumqi Air,B737-86W,0,0,0,186,186
VP-BPJ,Pobeda,B737-8AL,0,0,0,189,189
VP-BPK,Pobeda,B737-8AL,0,0,0,189,189
VP-BPL,Pobeda,B737-8AL,0,0,0,189,189
VP-BPS,Pobeda,B737-8AL,0,0,0,189,189
VP-BPT,Pobeda,B737-8AL,0,0,0,189,189
VP-BPU,Pobeda,B737-8AL,0,0,0,189,189
VP-BPV,Pobeda,B737-8AL,0,0,0,189,189
VP-BPX,Pobeda,B737-8MA,0,0,0,189,189
VQ-BAW,Pobeda,B737-8MA,0,0,0,189,189
VQ-BTC,Pobeda,B737-8MA,0,0,0,189,189
VQ-BTD,Pobeda,B737-81D,0,0,0,189,189
VQ-BTE,Pobeda,B737-8FZ,0,0,0,189,189
VQ-BTG,Pobeda,B737-8LJ,0,0,0,189,189
VQ-BTH,Pobeda,B737-8LJ,0,0,0,189,189
VQ-BTI,Pobeda,B737-8LJ,0,0,0,189,189
VQ-BTJ,Pobeda,B737-8LJ,0,0,0,189,189
VQ-BTS,Pobeda,B737-8LJ,0,0,0,189,189
VQ-BWG,Pobeda,B737-8LJ,0,0,0,189,189
VQ-BWH,Pobeda,B737-8LJ,0,0,0,189,189
VQ-BWI,Pobeda,B737-8LJ,0,0,0,189,189
UP-B3720,SCAT,B737-8 MAX,0,0,0,189,189
UP-B3710,SCAT,B737-31S,0,0,0,144,144
UP-B3712,SCAT,B737-35B,0,0,0,144,144
UP-B3718,SCAT,B737-3U3,0,0,0,144,144
LY-AWD,SCAT,B737-522,0,0,0,18,18
LY-AWE,SCAT,B737-522,0,0,0,118,118
LY-AYZ,SCAT,B737-548,0,0,0,118,118
LY-AZV,SCAT,B737-7GL,0,0,0,149,149
UP-B5702,SCAT,B757-21B,0,8,0,192,200
UP-B5703,SCAT,B757-21B,0,8,0,192,200
UP-B5704,SCAT,B757-21B,0,8,0,192,200
UP-CJ004,SCAT,CRJ-200LR,0,0,0,50,50
UP-CJ005,SCAT,CRJ-200LR,0,0,0,50,50
UP-CJ007,SCAT,CRJ-200ER,0,0,0,50,50
UP-CJ008,SCAT,CRJ-200LR,0,0,0,50,50
UP-CJ011,SCAT,CRJ-200ER,0,0,0,50,50
UP-CJ012,SCAT,CRJ-200ER,0,0,0,50,50
UP-CJ015,SCAT,CRJ-200ER,0,0,0,50,50
LY-FLG,SCAT,B757-204,0,0,0,235,235
UP-B6703,Sunday Airlines,B767-332,0,12,0,278,290
SX-EMB,Ellinair,A319-133,0,0,0,144,144
SX-EMM,Ellinair,A319-132,0,0,0,144,144
A6-EIC,Etihad Airways,A320-232,0,16,0,120,136
A6-EIF,Etihad Airways,A320-232,0,16,0,120,136
A6-EIG,Etihad Airways,A320-232,0,16,0,120,136
A6-EIK,Etihad Airways,A320-232,0,16,0,120,136
A6-EIH,Etihad Airways,A320-232,0,16,0,120,136
A6-EII,Etihad Airways,A320-232,0,16,0,120,136
A6-EIJ,Etihad Airways,A320-232,0,16,0,120,136
A6-EIL,Etihad Airways,A320-232,0,16,0,120,136
A6-EIM,Etihad Airways,A320-232,0,16,0,120,136
A6-EIN,Etihad Airways,A320-232,0,16,0,120,136
A6-EIO,Etihad Airways,A320-232,0,16,0,120,136
A6-EIP,Etihad Airways,A320-232,0,16,0,120,136
A6-EIQ,Etihad Airways,A320-232,0,16,0,120,136
A6-EIR,Etihad Airways,A320-232,0,16,0,120,136
A6-EIS,Etihad Airways,A320-232,0,16,0,120,136
A6-EIT,Etihad Airways,A320-232,0,16,0,120,136
A6-EIU,Etihad Airways,A320-232,0,16,0,120,136
A6-EIV,Etihad Airways,A320-232,0,16,0,120,136
A6-EIW,Etihad Airways,A320-232,0,16,0,120,136
A6-EIX,Etihad Airways,A320-232,0,16,0,120,136
A6-EIY,Etihad Airways,A320-232,0,16,0,120,136
A6-EJA,Etihad Airways,A320-232,0,16,0,120,136
A6-EIE,Etihad Airways,A319-132,0,16,0,90,106
A6-EID,Etihad Airways,A319-132,0,16,0,90,106
A6-AEA,Etihad Airways,A321-231,0,16,0,158,174
A6-AEB,Etihad Airways,A321-231,0,16,0,158,174
A6-AEC,Etihad Airways,A321-231,0,16,0,158,174
A6-AED,Etihad Airways,A321-231,0,16,0,158,174
A6-AEE,Etihad Airways,A321-231,0,16,0,158,174
A6-AEF,Etihad Airways,A321-231,0,16,0,158,174
A6-AEG,Etihad Airways,A321-231,0,16,0,158,174
A6-AEH,Etihad Airways,A321-231,0,16,0,158,174
A6-AEI,Etihad Airways,A321-231,0,16,0,158,174
A6-AEJ,Etihad Airways,A321-231,0,16,0,158,174
A6-ABF,Air Arabia,A320-214,0,0,0,168,168
A6-ABM,Air Arabia,A320-214,0,0,0,168,168
A6-ANA,Air Arabia,A320-214,0,0,0,168,168
A6-ANB,Air Arabia,A320-214,0,0,0,162,162
A6-ANH,Air Arabia,A320-214,0,0,0,162,162
A6-ANI,Air Arabia,A320-214,0,0,0,162,162
A6-ANL,Air Arabia,A320-214,0,0,0,168,168
A6-ANM,Air Arabia,A320-214,0,0,0,168,168
A6-ANN,Air Arabia,A320-214,0,0,0,168,168
A6-ANO,Air Arabia,A320-214,0,0,0,168,168
A6-ANP,Air Arabia,A320-214,0,0,0,168,168
A6-ANQ,Air Arabia,A320-214,0,0,0,168,168
A6-ANR,Air Arabia,A320-214,0,0,0,168,168
A6-ANS,Air Arabia,A320-214,0,0,0,168,168
A6-ANT,Air Arabia,A320-214,0,0,0,168,168
A6-ANU,Air Arabia,A320-214,0,0,0,168,168
A6-ANV,Air Arabia,A320-214,0,0,0,168,168
A6-ANW,Air Arabia,A320-214,0,0,0,168,168
A6-ANX,Air Arabia,A320-214,0,0,0,168,168
A6-AOA,Air Arabia,A320-214,0,0,0,168,168
A6-AOB,Air Arabia,A320-214,0,0,0,168,168
A6-AOC,Air Arabia,A320-214,0,0,0,168,168
A6-AOD,Air Arabia,A320-214,0,0,0,168,168
A6-AOE,Air Arabia,A320-214,0,0,0,168,168
A6-AOF,Air Arabia,A320-214,0,0,0,168,168
A6-AOH,Air Arabia,A320-214,0,0,0,168,168
A6-AOI,Air Arabia,A320-214,0,0,0,168,168
A6-AOJ,Air Arabia,A320-214,0,0,0,168,168
A6-AOK,Air Arabia,A320-214,0,0,0,168,168
A6-AOL,Air Arabia,A320-214,0,0,0,168,168
A6-AON,Air Arabia,A320-214,0,0,0,168,168
A6-AOO,Air Arabia,A320-214,0,0,0,168,168
A6-AOP,Air Arabia,A320-214,0,0,0,168,168
A6-AOQ,Air Arabia,A320-214,0,0,0,168,168
A6-AOR,Air Arabia,A320-214,0,0,0,168,168
A6-AOS,Air Arabia,A320-214,0,0,0,168,168
A6-AOT,Air Arabia,A320-214,0,0,0,168,168
A6-AOU,Air Arabia,A320-214,0,0,0,168,168
A6-AOV,Air Arabia,A320-214,0,0,0,168,168
A6-AOW,Air Arabia,A320-214,0,0,0,168,168
A6-AOX,Air Arabia,A320-214,0,0,0,168,168
A6-AOM,Air Arabia,A320-214,0,0,0,168,168
A6-ANZ,Air Arabia,A320-214,0,0,0,168,168
A6-ANY,Air Arabia,A320-214,0,0,0,168,168
A6-ANK,Air Arabia,A320-214,0,0,0,168,168
A6-ANJ,Air Arabia,A320-214,0,0,0,168,168
A6-ANG,Air Arabia,A320-214,0,0,0,162,162
A6-ANF,Air Arabia,A320-214,0,0,0,162,162
A6-ANE,Air Arabia,A320-214,0,0,0,162,162
A6-AND,Air Arabia,A320-214,0,0,0,162,162
A6-ANC,Air Arabia,A320-214,0,0,0,162,162
A6-ABT,Air Arabia,A320-214,0,0,0,162,162
A6-ABS,Air Arabia,A320-214,0,0,0,162,162
A6-ABQ,Air Arabia,A320-214,0,0,0,162,162
A6-ABP,Air Arabia,A320-214,0,0,0,162,162
A6-ABO,Air Arabia,A320-214,0,0,0,162,162
B-5083,Hainan Airlines,B737-883,0,8,0,156,164
B-5089,Hainan Airlines,B737-883,0,8,0,156,164
B-5090,Hainan Airlines,B737-883,0,8,0,156,164
B-5346,Hainan Airlines,B737-8BK,0,8,0,156,164
B-2647,Hainan Airlines,B737-84P,0,8,0,156,164
B-2651,Hainan Airlines,B737-84P,0,8,0,156,164
B-2652,Hainan Airlines,B737-84P,0,8,0,156,164
B-2676,Hainan Airlines,B737-84P,0,8,0,156,164
B-5136,Hainan Airlines,B737-84P,0,8,0,156,164
B-5137,Hainan Airlines,B737-84P,0,8,0,156,164
B-5416,Hainan Airlines,B737-84P,0,8,0,156,164
B-5465,Hainan Airlines,B737-84P,0,8,0,156,164
B-5466,Hainan Airlines,B737-84P,0,8,0,156,164
B-5439,Hainan Airlines,B737-808,0,8,0,156,164
B-5709,Hainan Airlines,B737-808,0,8,0,156,164
B-5710,Hainan Airlines,B737-84P,0,8,0,156,164
B-5358,Hainan Airlines,B737-84P,0,8,0,156,164
B-5359,Hainan Airlines,B737-8FH,0,8,0,156,164
B-5765,Hainan Airlines,B737-84P,0,8,0,156,164
B-5835,Hainan Airlines,B737-84P,0,8,0,156,164
B-5427,Hainan Airlines,B737-84P,0,8,0,156,164
B-5417,Hainan Airlines,B737-86N,0,8,0,156,164
B-5480,Hainan Airlines,B737-86N,0,8,0,156,164
B-5481,Hainan Airlines,B737-86N,0,8,0,156,164
B-5337,Hainan Airlines,B737-84P,0,8,0,156,164
B-5338,Hainan Airlines,B737-84P,0,8,0,156,164
B-5483,Hainan Airlines,B737-84P,0,8,0,156,164
B-5478,Hainan Airlines,B737-84P,0,8,0,156,164
B-5371,Hainan Airlines,B737-84P,0,8,0,156,164
B-5479,Hainan Airlines,B737-84P,0,8,0,156,164
B-5373,Hainan Airlines,B737-84P,0,8,0,156,164
B-5463,Hainan Airlines,B737-84P,0,8,0,156,164
B-5502,Hainan Airlines,B737-84P,0,8,0,156,164
B-5372,Hainan Airlines,B737-84P,0,8,0,156,164
B-5405,Hainan Airlines,B737-84P,0,8,0,156,164
B-5406,Hainan Airlines,B737-84P,0,8,0,156,164
B-5540,Hainan Airlines,B737-84P,0,8,0,156,164
B-5375,Hainan Airlines,B737-84P,0,8,0,156,164
B-5408,Hainan Airlines,B737-84P,0,8,0,156,164
B-5520,Hainan Airlines,B737-84P,0,8,0,156,164
B-5521,Hainan Airlines,B737-84P,0,8,0,156,164
B-1793,Hainan Airlines,B737-86J,0,8,0,156,164
B-5418,Hainan Airlines,B737-86N,0,8,0,156,164
B-5428,Hainan Airlines,B737-86N,0,8,0,156,164
B-5429,Hainan Airlines,B737-86N,0,8,0,156,164
B-5467,Hainan Airlines,B737-84P,0,8,0,156,164
B-5462,Hainan Airlines,B737-84P,0,8,0,156,164
B-5522,Hainan Airlines,B737-84P,0,8,0,156,164
B-5733,Hainan Airlines,B737-84P,0,8,0,156,164
B-5735,Hainan Airlines,B737-84P,0,8,0,156,164
B-5581,Hainan Airlines,B737-84P,0,8,0,156,164
B-5620,Hainan Airlines,B737-84P,0,8,0,156,164
B-5611,Hainan Airlines,B737-84P,0,8,0,156,164
B-5625,Hainan Airlines,B737-84P,0,8,0,156,164
B-1725,Hainan Airlines,B737-84P,0,8,0,156,164
B-5623,Hainan Airlines,B737-84P,0,8,0,156,164
B-5636,Hainan Airlines,B737-84P,0,8,0,156,164
B-5637,Hainan Airlines,B737-84P,0,8,0,156,164
B-5638,Hainan Airlines,B737-84P,0,8,0,156,164
B-5661,Hainan Airlines,B737-84P,0,8,0,156,164
B-5662,Hainan Airlines,B737-84P,0,8,0,156,164
B-5663,Hainan Airlines,B737-84P,0,8,0,156,164
B-5685,Hainan Airlines,B737-84P,0,8,0,156,164
B-5686,Hainan Airlines,B737-84P,0,8,0,156,164
B-5686,Hainan Airlines,B737-84P,0,8,0,156,164
B-5687,Hainan Airlines,B737-84P,0,8,0,156,164
B-5712,Hainan Airlines,B737-84P,0,8,0,156,164
B-5713,Hainan Airlines,B737-84P,0,8,0,156,164
B-5289,Hainan Airlines,B737-74P,0,8,0,120,128
B-5288,Hainan Airlines,B737-74P,0,8,0,120,128
B-5797,Hainan Airlines,B737-84P,0,8,0,156,164
B-5798,Hainan Airlines,B737-84P,0,8,0,156,164
B-5852,Hainan Airlines,B737-84P,0,8,0,156,164
B-5853,Hainan Airlines,B737-84P,0,8,0,156,164
B-5855,Hainan Airlines,B737-84P,0,8,0,156,164
B-1927,Hainan Airlines,B737-84P,0,8,0,156,164
B-1928,Hainan Airlines,B737-84P,0,8,0,156,164
B-1929,Hainan Airlines,B737-84P,0,8,0,156,164
B-1995,Hainan Airlines,B737-84P,0,8,0,156,164
B-1996,Hainan Airlines,B737-84P,0,8,0,156,164
B-1997,Hainan Airlines,B737-84P,0,8,0,156,164
B-1727,Hainan Airlines,B737-84P,0,8,0,156,164
B-1726,Hainan Airlines,B737-84P,0,8,0,156,164
B-1728,Hainan Airlines,B737-84P,0,8,0,156,164
B-1783,Hainan Airlines,B737-84P,0,8,0,156,164
B-1786,Hainan Airlines,B737-84P,0,8,0,156,164
B-5579,Hainan Airlines,B737-84P,0,8,0,156,164
B-5580,Hainan Airlines,B737-84P,0,8,0,156,164
B-1503,Hainan Airlines,B737-84P,0,8,0,156,164
B-1505,Hainan Airlines,B737-84P,0,8,0,156,164
B-6060,Hainan Airlines,B737-84P,0,8,0,156,164
B-1733,Hainan Airlines,B737-86N,0,8,0,156,164
B-1735,Hainan Airlines,B737-86N,0,8,0,156,164
B-1729,Hainan Airlines,B737-84P,0,8,0,156,164
B-1785,Hainan Airlines,B737-84P,0,8,0,156,164
B-1787,Hainan Airlines,B737-84P,0,8,0,156,164
B-1542,Hainan Airlines,B737-84P,0,8,0,156,164
B-1799,Hainan Airlines,B737-84P,0,8,0,156,164
B-1501,Hainan Airlines,B737-84P,0,8,0,156,164
B-6061,Hainan Airlines,B737-84P,0,8,0,156,164
B-6063,Hainan Airlines,B737-84P,0,8,0,156,164
B-6065,Hainan Airlines,B737-84P,0,8,0,156,164
B-7886,Hainan Airlines,B737-84P,0,8,0,156,164
B-6066,Hainan Airlines,B737-84P,0,8,0,156,164
B-7616,Hainan Airlines,B737-84P,0,8,0,156,164
B-6808,Hainan Airlines,B737-84P,0,8,0,156,164
B-7618,Hainan Airlines,B737-84P,0,8,0,156,164
B-1795,Hainan Airlines,B737-84P,0,8,0,156,164
B-1796,Hainan Airlines,B737-84P,0,8,0,156,164
B-1797,Hainan Airlines,B737-84P,0,8,0,156,164
B-7173,Hainan Airlines,B737-86N,0,8,0,156,164
B-7175,Hainan Airlines,B737-86N,0,8,0,156,164
B-1541,Hainan Airlines,B737-86N,0,8,0,156,164
B-1548,Hainan Airlines,B737-86N,0,8,0,156,164
B-7400,Hainan Airlines,B737-86N,0,8,0,156,164
B-1496,Hainan Airlines,B737-86N,0,8,0,156,164
B-1498,Hainan Airlines,B737-86N,0,8,0,156,164
B-1493,Hainan Airlines,B737-86N,0,8,0,156,164
B-1347,Hainan Airlines,B737-86N,0,8,0,156,164
B-6062,Hainan Airlines,B737-84P,0,8,0,156,164
B-1502,Hainan Airlines,B737-84P,0,8,0,156,164
B-1538,Hainan Airlines,B737-84P,0,8,0,156,164
B-6103,Hainan Airlines,B737-84P,0,8,0,156,164
B-7379,Hainan Airlines,B737-84P,0,8,0,156,164
B-7399,Hainan Airlines,B737-84P,0,8,0,156,164
B-1489,Hainan Airlines,B737-84P,0,8,0,156,164
B-1346,Hainan Airlines,B737-84P,0,8,0,156,164
B-1386,Hainan Airlines,B737-84P,0,8,0,156,164
B-1213,Hainan Airlines,B737-84P,0,8,0,156,164
B-1215,Hainan Airlines,B737-84P,0,8,0,156,164
B-1103,Hainan Airlines,B737-84P,0,8,0,156,164
B-1547,Hainan Airlines,B737-84P,0,8,0,156,164
B-1545,Hainan Airlines,B737-84P,0,8,0,156,164
B-1549,Hainan Airlines,B737-84P,0,8,0,156,164
B-7171,Hainan Airlines,B737-86N,0,8,0,156,164
B-7172,Hainan Airlines,B737-86N,0,8,0,156,164
B-7619,Hainan Airlines,B737-86N,0,8,0,156,164
B-7639,Hainan Airlines,B737-86N,0,8,0,156,164
B-1488,Hainan Airlines,B737-86N,0,8,0,156,164
B-1492,Hainan Airlines,B737-86N,0,8,0,156,164
B-7377,Hainan Airlines,B737-86N,0,8,0,156,164
B-7378,Hainan Airlines,B737-86N,0,8,0,156,164
B-7398,Hainan Airlines,B737-86N,0,8,0,156,164
B-1390,Hainan Airlines,B737-8 MAX,0,8,0,168,176
B-1389,Hainan Airlines,B737-8 MAX,0,8,0,168,176
B-1387,Hainan Airlines,B737-8 MAX,0,8,0,168,176
B-1388,Hainan Airlines,B737-8 MAX,0,8,0,168,176
B-1487,Hainan Airlines,B737-84P,0,8,0,156,164
B-1490,Hainan Airlines,B737-84P,0,8,0,156,164
B-1102,Hainan Airlines,B737-84P,0,8,0,156,164
B-1101,Hainan Airlines,B737-84P,0,8,0,156,164
B-1491,Hainan Airlines,B737-84P,0,8,0,156,164
B-1495,Hainan Airlines,B737-84P,0,8,0,156,164
B-1497,Hainan Airlines,B737-84P,0,8,0,156,164
B-1372,Hainan Airlines,B737-84P,0,8,0,156,164
B-1375,Hainan Airlines,B737-84P,0,8,0,156,164
B-1373,Hainan Airlines,B737-84P,0,8,0,156,164
B-5153,Hainan Airlines,B737-84P,0,8,0,156,164
B-5082,Hainan Airlines,B737-883,0,8,0,156,164
B-5138,Hainan Airlines,B737-84P,0,8,0,156,164
B-5139,Hainan Airlines,B737-84P,0,8,0,156,164
B-5141,Hainan Airlines,B737-84P,0,8,0,156,164
B-5538,Hainan Airlines,B737-84P,0,8,0,156,164
B-5539,Hainan Airlines,B737-84P,0,8,0,156,164
B-5135,Hainan Airlines,B737-84P,0,8,0,156,164
UK-78703,Uzbekistan Airways,B787-8,0,24,0,222,246
4K-AZ53,AZAL Azerbaijan Airlines,ATR 42-500,0,0,0,50,50
4K-AZ52,AZAL Azerbaijan Airlines,ATR 42-500,0,0,0,50,50
4K-AZ64,AZAL Azerbaijan Airlines,ATR 72-500,0,0,0,70,70
4K-AZ65,AZAL Azerbaijan Airlines,ATR 72-500,0,0,0,70,70
4K-AZ66,AZAL Azerbaijan Airlines,ATR 72-500,0,0,0,70,70
4K-AZ67,AZAL Azerbaijan Airlines,ATR 72-500,0,0,0,70,70
4K-AZ03,AZAL Azerbaijan Airlines,A319-111,0,24,0,90,114
4K-AZ04,AZAL Azerbaijan Airlines,A319-111,0,24,0,90,114
4K-AZ77,AZAL Azerbaijan Airlines,A320-214,0,20,0,126,146
4K-AZ83,AZAL Azerbaijan Airlines,A320-214,0,20,0,126,146
4K-AZ84,AZAL Azerbaijan Airlines,A320-214,0,20,0,126,146
4K-AZ86,AZAL Azerbaijan Airlines,A340-542,0,36,0,201,237
4K-AZ80,AZAL Azerbaijan Airlines,A320-214,0,20,0,126,146
HL7550,Korean Air,A330-322,6,18,0,252,276
HL7551,Korean Air,A330-322,12,28,0,256,296
HL7524,Korean Air,A330-322,6,18,0,252,276
HL7525,Korean Air,A330-322,6,18,0,252,276
HL7538,Korean Air,A330-223,6,24,0,188,218
HL7539,Korean Air,A330-223,6,24,0,188,218
HL7540,Korean Air,A330-322,12,28,0,256,296
HL7554,Korean Air,A330-323,6,18,0,252,276
HL7552,Korean Air,A330-223,6,24,0,188,218
HL7553,Korean Air,A330-323,6,18,0,252,276
HL7584,Korean Air,A330-323,6,18,0,252,276
HL7585,Korean Air,A330-323,6,18,0,252,276
HL7586,Korean Air,A330-323,6,18,0,252,276
HL7587,Korean Air,A330-323,12,28,0,256,296
HL7702,Korean Air,A330-323,6,18,0,252,276
HL7709,Korean Air,A330-323,6,18,0,252,276
HL7710,Korean Air,A330-323,0,24,0,328,352
HL7720,Korean Air,A330-323,6,18,0,252,276
HL8211,Korean Air,A330-223,6,24,0,188,218
HL8212,Korean Air,A330-223,6,24,0,188,218
HL8227,Korean Air,A330-223,6,24,0,188,218
HL8228,Korean Air,A330-223,6,24,0,188,218
HL8276,Korean Air,A330-223,6,24,0,188,218
HL8001,Korean Air,A330-323,6,18,0,248,272
HL8002,Korean Air,A330-323,6,18,0,248,272
HL8003,Korean Air,A330-323,6,18,0,248,272
HL8025,Korean Air,A330-323,6,18,0,248,272
HL8026,Korean Air,A330-323,6,18,0,248,272
HL8027,Korean Air,A330-323,6,18,0,248,272
TC-ATB,AtlasGlobal,A321-211,0,0,0,210,210
TC-ATZ,AtlasGlobal,A321-211,0,8,0,192,200
TC-ETJ,AtlasGlobal,A321-231,0,0,0,210,210
SU-ALB,AtlasGlobal,A330-243,12,7,0,263,282
SU-ALC,AtlasGlobal,A330-243,12,7,0,263,282
TC-ATY,AtlasGlobal,A321-211,0,12,0,192,204
PH-AOA,KLM Royal Dutch Airlines,A330-203,0,30,35,178,243
PH-AOB,KLM Royal Dutch Airlines,A330-203,0,30,35,178,243
PH-AOC,KLM Royal Dutch Airlines,A330-203,0,30,35,178,243
PH-AOD,KLM Royal Dutch Airlines,A330-203,0,18,36,214,268
PH-AOE,KLM Royal Dutch Airlines,A330-203,0,30,35,178,243
PH-AOF,KLM Royal Dutch Airlines,A330-203,0,30,35,178,243
PH-AON,KLM Royal Dutch Airlines,A330-203,0,30,35,178,243
PH-AOM,KLM Royal Dutch Airlines,A330-203,0,30,35,178,243
PH-AKA,KLM Royal Dutch Airlines,A330-303,0,30,40,222,292
PH-AKD,KLM Royal Dutch Airlines,A330-303,0,30,40,222,292
PH-AKE,KLM Royal Dutch Airlines,A330-303,0,30,40,222,292
PH-AKF,KLM Royal Dutch Airlines,A330-303,0,30,40,222,292
D-AIRH,Lufthansa,A321-131,0,26,0,166,192
D-AIRA,Lufthansa,A321-131,0,26,0,166,192
D-AIRB,Lufthansa,A321-131,0,26,0,166,192
D-AIRC,Lufthansa,A321-131,0,26,0,166,192
D-AIRD,Lufthansa,A321-131,0,26,0,166,192
D-AIRE,Lufthansa,A321-131,0,26,0,166,192
D-AIRF,Lufthansa,A321-131,0,26,0,166,192
D-AIRK,Lufthansa,A321-131,0,26,0,166,192
D-AIRL,Lufthansa,A321-131,0,26,0,166,192
D-AIRM,Lufthansa,A321-131,0,26,0,166,192
D-AIRN,Lufthansa,A321-131,0,26,0,166,192
D-AIRO,Lufthansa,A321-131,0,26,0,166,192
D-AIRP,Lufthansa,A321-131,0,26,0,166,192
D-AIRR,Lufthansa,A321-131,0,26,0,166,192
D-AIRS,Lufthansa,A321-131,0,26,0,166,192
D-AIRT,Lufthansa,A321-131,0,26,0,166,192
D-AIRU,Lufthansa,A321-131,0,26,0,166,192
D-AIRW,Lufthansa,A321-131,0,26,0,166,192
D-AIRX,Lufthansa,A321-131,0,26,0,166,192
D-AIRY,Lufthansa,A321-131,0,26,0,166,192
D-AISB,Lufthansa,A321-231,0,26,0,166,192
D-AISC,Lufthansa,A321-231,0,26,0,166,192
D-AISD,Lufthansa,A321-231,0,26,0,166,192
D-AISF,Lufthansa,A321-231,0,26,0,166,192
D-AISG,Lufthansa,A321-231,0,26,0,166,192
D-AISH,Lufthansa,A321-231,0,26,0,166,192
D-AISI,Lufthansa,A321-231,0,26,0,166,192
D-AISJ,Lufthansa,A321-231,0,26,0,166,192
D-AISK,Lufthansa,A321-231,0,26,0,166,192
D-AISL,Lufthansa,A321-231,0,26,0,166,192
D-AISN,Lufthansa,A321-231,0,26,0,166,192
D-AISO,Lufthansa,A321-231,0,26,0,166,192
D-AISP,Lufthansa,A321-231,0,26,0,166,192
D-AISQ,Lufthansa,A321-231,0,26,0,166,192
D-AISR,Lufthansa,A321-231,0,26,0,166,192
D-AIST,Lufthansa,A321-231,0,26,0,166,192
D-AISU,Lufthansa,A321-231,0,26,0,166,192
D-AISV,Lufthansa,A321-231,0,26,0,166,192
D-AISW,Lufthansa,A321-231,0,26,0,166,192
D-AISX,Lufthansa,A321-231,0,26,0,166,192
D-AISZ,Lufthansa,A321-231,0,26,0,166,192
D-AIDA,Lufthansa,A321-231,0,26,0,166,192
D-AIDB,Lufthansa,A321-231,0,26,0,166,192
D-AIDC,Lufthansa,A321-231,0,26,0,166,192
D-AIDD,Lufthansa,A321-231,0,26,0,166,192
D-AIDE,Lufthansa,A321-231,0,26,0,166,192
D-AIDF,Lufthansa,A321-231,0,26,0,166,192
D-AIDH,Lufthansa,A321-231,0,26,0,166,192
D-AIDG,Lufthansa,A321-231,0,26,0,166,192
D-AIDH,Lufthansa,A321-231,0,26,0,166,192
D-AIDI,Lufthansa,A321-231,0,26,0,166,192
D-AIDJ,Lufthansa,A321-231,0,26,0,166,192
D-AIDK,Lufthansa,A321-231,0,26,0,166,192
D-AIDL,Lufthansa,A321-231,0,26,0,166,192
D-AIDM,Lufthansa,A321-231,0,26,0,166,192
D-AIDN,Lufthansa,A321-231,0,26,0,166,192
D-AIDO,Lufthansa,A321-231,0,26,0,166,192
D-AIDQ,Lufthansa,A321-231,0,26,0,166,192
D-AIDP,Lufthansa,A321-231,0,26,0,166,192
D-AIDT,Lufthansa,A321-231,0,26,0,166,192
D-AIDU,Lufthansa,A321-231,0,26,0,166,192
D-AIDV,Lufthansa,A321-231,0,26,0,166,192
D-AIDW,Lufthansa,A321-231,0,26,0,166,192
D-AIDX,Lufthansa,A321-231,0,26,0,166,192
D-AIPA,Lufthansa,A320-211,0,28,0,138,166
D-AIPB,Lufthansa,A320-211,0,28,0,138,166
D-AIPC,Lufthansa,A320-211,0,28,0,138,166
D-AIPD,Lufthansa,A320-211,0,28,0,138,166
D-AIPE,Lufthansa,A320-211,0,28,0,138,166
D-AIPF,Lufthansa,A320-211,0,28,0,138,166
D-AIPH,Lufthansa,A320-211,0,28,0,138,166
D-AIPK,Lufthansa,A320-211,0,28,0,138,166
D-AIPL,Lufthansa,A320-211,0,28,0,138,166
D-AIPM,Lufthansa,A320-211,0,28,0,138,166
D-AIPP,Lufthansa,A320-211,0,28,0,138,166
D-AIPR,Lufthansa,A320-211,0,28,0,138,166
D-AIPS,Lufthansa,A320-211,0,28,0,138,166
D-AIPT,Lufthansa,A320-211,0,28,0,138,166
D-AIPY,Lufthansa,A320-211,0,28,0,138,166
D-AIPZ,Lufthansa,A320-211,0,28,0,138,166
D-AIQA,Lufthansa,A320-211,0,28,0,138,166
D-AIQD,Lufthansa,A320-211,0,28,0,138,166
D-AIQF,Lufthansa,A320-211,0,28,0,138,166
D-AIQH,Lufthansa,A320-211,0,28,0,138,166
D-AIQT,Lufthansa,A320-211,0,28,0,138,166
D-AIQU,Lufthansa,A320-211,0,28,0,138,166
D-AIQW,Lufthansa,A320-211,0,28,0,138,166
D-AIZA,Lufthansa,A320-214,0,28,0,138,166
D-AIZB,Lufthansa,A320-214,0,28,0,138,166
D-AIZC,Lufthansa,A320-214,0,28,0,138,166
D-AIZD,Lufthansa,A320-214,0,28,0,138,166
D-AIZE,Lufthansa,A320-214,0,28,0,138,166
D-AIZF,Lufthansa,A320-214,0,28,0,138,166
D-AIZG,Lufthansa,A320-214,0,28,0,138,166
D-AIZH,Lufthansa,A320-214,0,28,0,138,166
D-AIZI,Lufthansa,A320-214,0,28,0,138,166
D-AIZJ,Lufthansa,A320-214,0,28,0,138,166
D-AIZM,Lufthansa,A320-214,0,28,0,138,166
D-AIZN,Lufthansa,A320-214,0,28,0,138,166
D-AIZO,Lufthansa,A320-214,0,28,0,138,166
D-AIZP,Lufthansa,A320-214,0,28,0,138,166
D-AIZW,Lufthansa,A320-214,0,28,0,138,166
D-AIZX,Lufthansa,A320-214,0,28,0,138,166
D-AIZY,Lufthansa,A320-214,0,28,0,138,166
D-AIZZ,Lufthansa,A320-214,0,28,0,138,166
D-AIUA,Lufthansa,A320-214,0,28,0,138,166
D-AIUB,Lufthansa,A320-214,0,28,0,138,166
D-AIUC,Lufthansa,A320-214,0,28,0,138,166
D-AIUD,Lufthansa,A320-214,0,28,0,138,166
D-AIUE,Lufthansa,A320-214,0,28,0,138,166
D-AIUF,Lufthansa,A320-214,0,28,0,138,166
D-AIUG,Lufthansa,A320-214,0,28,0,138,166
D-AIUH,Lufthansa,A320-214,0,28,0,138,166
D-AIUI,Lufthansa,A320-214,0,28,0,138,166
D-AIUJ,Lufthansa,A320-214,0,28,0,138,166
D-AIUK,Lufthansa,A320-214,0,28,0,138,166
D-AIUL,Lufthansa,A320-214,0,28,0,138,166
D-AIUN,Lufthansa,A320-214,0,28,0,138,166
D-AIUM,Lufthansa,A320-214,0,28,0,138,166
D-AIUO,Lufthansa,A320-214,0,28,0,138,166
D-AINA,Lufthansa,A320-271N,0,28,0,150,178
D-AIUP,Lufthansa,A320-214,0,28,0,150,178
D-AINB,Lufthansa,A320-271N,0,28,0,150,178
D-AINC,Lufthansa,A320-271N,0,28,0,150,178
D-AIUQ,Lufthansa,A320-214,0,28,0,150,178
D-AIUR,Lufthansa,A320-214,0,28,0,150,178
D-AIUS,Lufthansa,A320-214,0,28,0,150,178
D-AIND,Lufthansa,A320-271N,0,28,0,150,178
D-AINE,Lufthansa,A320-271N,0,28,0,150,178
D-AIUT,Lufthansa,A320-214,0,28,0,150,178
D-AIUU,Lufthansa,A320-214,0,28,0,150,178
D-AIUV,Lufthansa,A320-214,0,28,0,150,178
D-AIUW,Lufthansa,A320-214,0,28,0,150,178
D-AIUX,Lufthansa,A320-214,0,28,0,150,178
D-AIUY,Lufthansa,A320-214,0,28,0,150,178
D-AINF,Lufthansa,A320-271N,0,28,0,150,178
D-AING,Lufthansa,A320-271N,0,28,0,150,178
D-AIUZ,Lufthansa,A320-214,0,28,0,150,178
D-AINH,Lufthansa,A320-271N,0,28,0,150,178
D-AIWA,Lufthansa,A320-214,0,28,0,150,178
D-AIWB,Lufthansa,A320-214,0,28,0,150,178
D-AINI,Lufthansa,A320-271N,0,28,0,150,178
D-AINJ,Lufthansa,A320-271N,0,28,0,150,178
D-AIZK,Lufthansa,A320-214,0,28,0,138,166
D-AIKA,Lufthansa,A330-343,0,42,28,185,255
D-AIKB,Lufthansa,A330-343,0,42,28,185,255
D-AIKC,Lufthansa,A330-343,0,42,28,185,255
D-AIKD,Lufthansa,A330-343,8,48,0,165,221
D-AIKE,Lufthansa,A330-343,0,42,28,185,255
D-AIKF,Lufthansa,A330-343,0,42,28,185,255
D-AIKG,Lufthansa,A330-343,0,42,28,185,255
D-AIKH,Lufthansa,A330-343,8,48,0,165,221
D-AIKI,Lufthansa,A330-343,8,48,0,165,221
D-AIKJ,Lufthansa,A330-343,0,42,28,185,255
D-AIKK,Lufthansa,A330-343,8,48,0,165,221
D-AIKL,Lufthansa,A330-343,0,42,28,185,255
D-AIKM,Lufthansa,A330-343,0,42,28,185,255
D-AIKN,Lufthansa,A330-343,8,48,0,165,221
D-AIKO,Lufthansa,A330-343,8,48,0,165,221
D-AIKP,Lufthansa,A330-343,8,48,0,165,221
D-AIKQ,Lufthansa,A330-343,8,48,0,165,221
D-AIKR,Lufthansa,A330-343,8,48,0,165,221
D-AIKS,Lufthansa,A330-343,0,42,28,185,255
D-AIGS,Lufthansa,A340-313,8,48,0,165,221
D-AIGT,Lufthansa,A340-313,8,48,0,165,221
D-AIGN,Lufthansa,A340-313,8,48,0,165,221
D-AIGO,Lufthansa,A340-313,8,36,0,197,241
D-AIFC,Lufthansa,A340-313,8,36,0,197,241
D-AIGL,Lufthansa,A340-313,8,48,0,165,221
SP-LLE,LOT - Polish Airlines,B737-45D,0,0,0,162,162
SP-LLF,LOT - Polish Airlines,B737-45D,0,0,0,162,162
SP-LLG,LOT - Polish Airlines,B737-45D,0,0,0,162,162
SP-LWA,LOT - Polish Airlines,B737-89P,0,0,0,186,186
SP-LWC,LOT - Polish Airlines,B737-89P,0,0,0,186,186
SP-LWB,LOT - Polish Airlines,B737-89P,0,0,0,186,186
SP-LWD,LOT - Polish Airlines,B737-89P,0,0,0,186,186
SP-LWC,LOT - Polish Airlines,B737-8 MAX,0,0,0,186,186
SP-LVA,LOT - Polish Airlines,B737-8 MAX,0,0,0,186,186
SP-LVB,LOT - Polish Airlines,B737-8 MAX,0,0,0,186,186
SP-LVD,LOT - Polish Airlines,B737-8 MAX,0,0,0,186,186
SP-LRC,LOT - Polish Airlines,B787-8,0,18,21,213,252
JU-1015,MIAT - Monglian Airlines,B737-8SH,0,12,0,162,174
HL7515,Asiana Airlines,B767-38E,0,15,0,235,250
HL7247,Asiana Airlines,B767-38E,0,0,0,270,270
HL7248,Asiana Airlines,B767-38E,0,15,0,235,250
HL7516,Asiana Airlines,B767-38E,0,15,0,235,250
HL7506,Asiana Airlines,B767-38E,0,0,0,290,290
HL7514,Asiana Airlines,B767-38E,0,0,0,290,290
HL7528,Asiana Airlines,B767-38E,0,15,0,235,250
HL7736,Asiana Airlines,A330-323,0,30,0,260,290
HL7740,Asiana Airlines,A330-323,0,30,0,260,290
HL7741,Asiana Airlines,A330-323,0,30,0,260,290
HL7746,Asiana Airlines,A330-323,0,30,0,260,290
HL7747,Asiana Airlines,A330-323,0,30,0,260,290
HL7754,Asiana Airlines,A330-323,0,30,0,260,290
HL7792,Asiana Airlines,A330-323,0,30,0,260,290
HL7793,Asiana Airlines,A330-323,0,30,0,260,290
HL7794,Asiana Airlines,A330-323,0,30,0,260,290
HL7795,Asiana Airlines,A330-323,0,30,0,245,275
HL8258,Asiana Airlines,A330-323,0,30,0,245,275
HL8259,Asiana Airlines,A330-323,0,30,0,245,275
HL8282,Asiana Airlines,A330-323,0,30,0,260,290
HL8286,Asiana Airlines,A330-323,0,30,0,260,290
HL8293,Asiana Airlines,A330-323,0,30,0,260,290
UR-GAT,Ukraine International Airlines,B737-528,0,10,0,96,106
UR-PSP,Ukraine International Airlines,B737-8Q8,0,12,0,174,186
UR-PSN,Ukraine International Airlines,B737-86N,0,12,0,174,186
UR-PSQ,Ukraine International Airlines,B737-86N,0,12,0,174,186
UR-GBD,Ukraine International Airlines,B737-36Q,0,12,0,174,186
UR-GBA,Ukraine International Airlines,B737-36N,0,12,0,174,186
UR-PSG,Ukraine International Airlines,B737-85R,0,12,0,174,186
UR-PSH,Ukraine International Airlines,B737-85R,0,12,0,174,186
UR-PSB,Ukraine International Airlines,B737-8HX,0,12,0,174,186
UR-PSA,Ukraine International Airlines,B737-8HX,0,12,0,174,186
UR-PSC,Ukraine International Airlines,B737-8HX,0,12,0,174,186
UR-PSM,Ukraine International Airlines,B737-8FZ,0,12,0,174,186
UR-PSD,Ukraine International Airlines,B737-8HX,0,12,0,174,186
UR-PSO,Ukraine International Airlines,B737-8Q8,0,12,0,174,186
UR-PSX,Ukraine International Airlines,B737-8EH,0,12,0,174,186
UR-PSY,Ukraine International Airlines,B737-8EH,0,12,0,174,186
UR-PSS,Ukraine International Airlines,B737-8AS,0,12,0,174,186
UR-PSV,Ukraine International Airlines,B737-8AS,0,12,0,174,186
UR-PSK,Ukraine International Airlines,B737-94X,0,16,0,189,205
UR-PSL,Ukraine International Airlines,B737-94X,0,16,0,189,205
UR-PSZ,Ukraine International Airlines,B737-86N,0,12,0,174,186
UR-PST,Ukraine International Airlines,B737-8AS,0,12,0,174,186
UR-PSU,Ukraine International Airlines,B737-8AS,0,12,0,174,186
UR-PSE,Ukraine International Airlines,B737-84R,0,12,0,174,186
UR-PSF,Ukraine International Airlines,B737-84R,0,12,0,174,186
UR-UIA,Ukraine International Airlines,B737-8KV,0,12,0,174,186
UR-PSR,Ukraine International Airlines,B737-8KV,0,12,0,174,186
UR-PSI,Ukraine International Airlines,B737-9KV,0,12,0,177,189
UR-PSJ,Ukraine International Airlines,B737-9KV,0,12,0,177,189
UR-PSW,Ukraine International Airlines,B737-8KV,0,12,0,174,186
UR-UIB,Ukraine International Airlines,B737-8KV,0,12,0,174,186
UR-UID,Ukraine International Airlines,B737-8KV,0,12,0,174,186
UR-UIC,Ukraine International Airlines,B737-8KV,0,12,0,174,186
UR-GAK,Ukraine International Airlines,B737-5Y0,0,10,0,96,106
VQ-BMP,Yakutia Airlines,B737-86N,0,8,0,162,170
VQ-BIZ,Yakutia Airlines,B737-86N,0,8,0,162,170
VP-BVE,Yakutia Airlines,B737-86N,0,8,0,162,170
VP-BEP,Yakutia Airlines,B737-8Q8,0,8,0,162,170
VQ-BOY,Yakutia Airlines,B737-85F,0,8,0,162,170
YA-KMA,Kam Air,A320-231,0,20,0,126,146
UR-CQT,Kam Air,B737-3H4,0,0,0,143,143
VP-BGB,Aeroflot,B777-3M0,0,30,48,324,402
VP-BGC,Aeroflot,B777-3M0,0,30,48,324,402
VP-BGD,Aeroflot,B777-3M0,0,30,48,324,402
VQ-BQD,Aeroflot,B777-3M0,0,30,48,324,402
VQ-BQE,Aeroflot,B777-3M0,0,30,48,324,402
VQ-BQF,Aeroflot,B777-3M0,0,30,48,324,402
VQ-BUA,Aeroflot,B777-3M0,0,30,48,324,402
VP-BGF,Aeroflot,B777-3M0,0,30,48,324,402
VQ-BQB,Aeroflot,B777-3M0,0,30,48,324,402
VQ-BQC,Aeroflot,B777-3M0,0,30,48,324,402
VQ-BQG,Aeroflot,B777-3M0,0,30,48,324,402
VQ-BUB,Aeroflot,B777-3M0,0,30,48,324,402
VQ-BUC,Aeroflot,B777-3M0,0,30,48,324,402
VQ-BIL,Aeroflot,B777-3M0,0,30,48,324,402
VP-BPG,Aeroflot,B777-3M0,0,30,48,324,402
VQ-BQM,Aeroflot,B777-3M0,0,30,48,324,402
VP-BHA,Aeroflot,B777-3M0,0,30,48,324,402
VP-BIU,Aeroflot,A319-114,0,8,0,120,128
VQ-BAR,Aeroflot,A319-111,0,8,0,120,128
VQ-BAQ,Aeroflot,A319-111,0,8,0,120,128
VP-BBU,Aeroflot,A319-112,0,8,0,120,128
VQ-BAV,Aeroflot,A319-111,0,8,0,120,128
VP-BIT,Aeroflot,A319-111,0,8,0,120,128
VP-BBT,Aeroflot,A319-112,0,8,0,120,128
VP-BIS,Aeroflot,A319-112,0,8,0,120,128
VP-BNN,Aeroflot,A319-111,0,8,0,120,128
VQ-BAU,Aeroflot,A319-111,0,8,0,120,128
VQ-BAS,Aeroflot,A319-111,0,8,0,120,128
VQ-BAT,Aeroflot,A319-111,0,8,0,120,128
VP-BIQ,Aeroflot,A319-111,0,8,0,120,128
VP-BWG,Aeroflot,A319-111,0,8,0,120,128
VP-BWJ,Aeroflot,A319-111,0,8,0,120,128
VP-BNJ,Aeroflot,A319-111,0,8,0,120,128
EI-EYL,Aeroflot,A319-111,0,8,0,120,128
EI-EYM,Aeroflot,A319-111,0,8,0,120,128
VP-BNB,Aeroflot,A319-111,0,8,0,120,128
EI-EZC,Aeroflot,A319-112,0,8,0,120,128
EI-EZD,Aeroflot,A319-112,0,8,0,120,128
VP-BIV,Aeroflot,A319-115,0,8,0,120,128
VP-BQK,Aeroflot,A319-111,0,8,0,120,128
VQ-BBA,Aeroflot,A319-111,0,8,0,120,128
VQ-BCO,Aeroflot,A319-111,0,8,0,120,128
VQ-BCP,Aeroflot,A319-111,0,8,0,120,128
VQ-BCG,Aeroflot,A320-214,0,12,0,156,168
VQ-BFM,Aeroflot,A320-214,0,12,0,156,168
VP-BWH,Aeroflot,A320-214,0,12,0,156,168
VP-BWI,Aeroflot,A320-214,0,12,0,156,168
VP-BZR,Aeroflot,A320-214,0,12,0,144,156
VQ-BDR,Aeroflot,A320-214,0,12,0,156,168
EZ-A101,Turkmenistan Airlines,B717-22K,0,0,0,120,120
EZ-A102,Turkmenistan Airlines,B717-22K,0,0,0,120,120
EZ-A103,Turkmenistan Airlines,B717-22K,0,0,0,120,120
EZ-A104,Turkmenistan Airlines,B717-22K,0,0,0,120,120
EZ-A105,Turkmenistan Airlines,B717-22K,0,0,0,120,120
EZ-A106,Turkmenistan Airlines,B717-22K,0,0,0,120,120
EZ-A107,Turkmenistan Airlines,B717-22K,0,0,0,120,120
EZ-A006,Turkmenistan Airlines,B737-72K,0,8,0,118,126
EZ-A008,Turkmenistan Airlines,B737-7GL,0,0,0,149,149
EZ-A009,Turkmenistan Airlines,B737-72K,0,8,0,118,126
EZ-A004,Turkmenistan Airlines,B737-82K,0,16,0,144,160
EZ-A005,Turkmenistan Airlines,B737-82K,0,16,0,144,160
EZ-A015,Turkmenistan Airlines,B737-82K,0,16,0,144,160
EZ-A016,Turkmenistan Airlines,B737-82K,0,16,0,144,160
EZ-A017,Turkmenistan Airlines,B737-82K,0,16,0,144,160
EZ-A018,Turkmenistan Airlines,B737-82K,0,16,0,144,160
EZ-A019,Turkmenistan Airlines,B737-82K,0,16,0,144,160
EZ-A020,Turkmenistan Airlines,B737-82K,0,16,0,144,160
EZ-A011,Turkmenistan Airlines,B757-22K,0,16,0,173,189
EZ-A014,Turkmenistan Airlines,B757-22K,0,16,0,173,189
EZ-A778,Turkmenistan Airlines,B777-22K,0,28,0,263,291
EZ-A779,Turkmenistan Airlines,B777-22K,0,28,0,263,291
TC-JAI,Turkish Airlines,A320-232,0,0,0,150,150
TC-JBI,Turkish Airlines,A320-232,0,0,0,150,150
TC-JFR,Turkish Airlines,B737-8F2,0,6,0,159,165
TC-JFZ,Turkish Airlines,B737-8F2,0,6,0,159,165
TC-JGJ,Turkish Airlines,B737-8F2,0,6,0,159,165
TC-JIV,Turkish Airlines,A330-223,0,24,0,255,279
TC-JIY,Turkish Airlines,A330-223,0,24,0,255,279
TC-JNF,Turkish Airlines,A330-203,0,22,0,259,281
TC-JNG,Turkish Airlines,A330-203,0,22,0,259,281
TC-JPA,Turkish Airlines,A320-232,0,0,0,159,159
TC-JPB,Turkish Airlines,A320-232,0,0,0,159,159
TC-JPU,Turkish Airlines,A320-214,0,0,0,150,150
TC-LJE,Turkish Airlines,B777-3F2,0,49,0,300,349
TC-LJF,Turkish Airlines,B777-3F2,0,49,0,300,349
EP-MNP,Mahan Air,A310-304,0,12,0,190,202
EP-MMJ,Mahan Air,A310-304,0,12,0,190,202
EP-MNF,Mahan Air,A310-304,0,12,0,190,202
EP-MNX,Mahan Air,A310-304,0,12,0,190,202
HA-LPJ,Wizz Air,A320-232,0,0,0,180,180
HA-LPK,Wizz Air,A320-232,0,0,0,180,
HA-LPL,Wizz Air,A320-232,0,0,0,180,
HA-LPM,Wizz Air,A320-232,0,0,0,180,
HA-LPN,Wizz Air,A320-232,0,0,0,180,
HA-LPO,Wizz Air,A320-232,0,0,0,180,
HA-LPQ,Wizz Air,A320-232,0,0,0,180,
HA-LPR,Wizz Air,A320-232,0,0,0,180,
HA-LYU,Wizz Air,A320-232,0,0,0,180,
HA-LWF,Wizz Air,A320-232,0,0,0,180,
HA-LYV,Wizz Air,A320-232,0,0,0,180,
HA-LPS,Wizz Air,A320-232,0,0,0,180,
HA-LPT,Wizz Air,A320-232,0,0,0,180,
HA-LPU,Wizz Air,A320-232,0,0,0,180,
HA-LPV,Wizz Air,A320-232,0,0,0,180,
HA-LPW,Wizz Air,A320-232,0,0,0,180,
HA-LPY,Wizz Air,A320-232,0,0,0,180,
HA-LPZ,Wizz Air,A320-232,0,0,0,180,
HA-LWA,Wizz Air,A320-232,0,0,0,180,
HA-LWB,Wizz Air,A320-232,0,0,0,180,
HA-LWG,Wizz Air,A320-232,0,0,0,180,
HA-LWC,Wizz Air,A320-232,0,0,0,180,
HA-LWD,Wizz Air,A320-232,0,0,0,180,
HA-LWE,Wizz Air,A320-232,0,0,0,180,
HA-LWH,Wizz Air,A320-232,0,0,0,180,
HA-LWI,Wizz Air,A320-232,0,0,0,180,
HA-LWJ,Wizz Air,A320-232,0,0,0,180,
HA-LWK,Wizz Air,A320-232,0,0,0,180,
HA-LWL,Wizz Air,A320-232,0,0,0,180,
HA-LWM,Wizz Air,A320-232,0,0,0,180,
HA-LWN,Wizz Air,A320-232,0,0,0,180,
HA-LWO,Wizz Air,A320-232,0,0,0,180,
HA-LWP,Wizz Air,A320-232,0,0,0,180,
HA-LWQ,Wizz Air,A320-232,0,0,0,180,
HA-LYG,Wizz Air,A320-232,0,0,0,180,
HA-LWR,Wizz Air,A320-232,0,0,0,180,
HA-LWS,Wizz Air,A320-232,0,0,0,180,
HA-LWT,Wizz Air,A320-232,0,0,0,180,
HA-LWU,Wizz Air,A320-232,0,0,0,180,
HA-LWV,Wizz Air,A320-232,0,0,0,180,
HA-LWX,Wizz Air,A320-232,0,0,0,180,
HA-LWY,Wizz Air,A320-232,0,0,0,180,
HA-LYA,Wizz Air,A320-232,0,0,0,180,
HA-LYA,Wizz Air,A320-232,0,0,0,180,
HA-LWZ,Wizz Air,A320-232,0,0,0,180,
HA-LYB,Wizz Air,A320-232,0,0,0,180,
HA-LYC,Wizz Air,A320-232,0,0,0,180,
HA-LYD,Wizz Air,A320-232,0,0,0,180,
HA-LYE,Wizz Air,A320-232,0,0,0,180,
HA-LYF,Wizz Air,A320-232,0,0,0,180,
HA-LYH,Wizz Air,A320-232,0,0,0,180,
HA-LYI,Wizz Air,A320-232,0,0,0,180,
HA-LYJ,Wizz Air,A320-232,0,0,0,180,
HA-LYK,Wizz Air,A320-232,0,0,0,180,
HA-LYL,Wizz Air,A320-232,0,0,0,180,
HA-LYM,Wizz Air,A320-232,0,0,0,180,
HA-LYN,Wizz Air,A320-232,0,0,0,180,
HA-LYO,Wizz Air,A320-232,0,0,0,180,
HA-LYP,Wizz Air,A320-232,0,0,0,180,
HA-LYQ,Wizz Air,A320-232,0,0,0,180,
HA-LYR,Wizz Air,A320-232,0,0,0,180,
HA-LYS,Wizz Air,A320-232,0,0,0,180,
HA-LYT,Wizz Air,A320-232,0,0,0,180,
HA-LYW,Wizz Air,A320-232,0,0,0,186,
HA-LYX,Wizz Air,A320-232,0,0,0,186,
HA-LYZ,Wizz Air,A320-232,0,0,0,186,
HA-LSA,Wizz Air,A320-232,0,0,0,186,
VP-BWW,Red Wings,A320-232,0,0,0,180,
VP-BRM,Red Wings,A321-231,0,0,0,220,
VP-BWZ,Red Wings,A320-232,0,0,0,180,
VP-BWX,Red Wings,A320-232,0,0,0,180,
VP-BRB,Red Wings,A321-231,0,0,0,220,
