Restaurant Name,Rating,Address,Tel,Food,Price,Parking,Operating Time,Holiday
이나니와요스케,4.4,서울시 중구 을지로1가 192-11,02-772-9994,라멘 / 소바 / 우동,만원-2만원,주차공간없음,11:00 - 23:00,일
바오차이,4.4,서울시 중구 을지로2가 203,02-6031-0107,정통 중식 / 일반 중식,2만원-3만원,유료주차 가능,11:30 - 21:30,
라칸티나,4.4,서울시 중구 을지로1가 50,02-777-2579,이탈리안,3만원-4만원,,월-토: 11:30 - 23:00 일: 17:30 - 23:00,
라세느,4.3,서울시 중구 소공동 1,02-317-7171,뷔페,4만원 이상,발렛,06:00 - 22:00,
산수갑산,4.3,서울시 중구 인현동1가 15-4,02-2275-6654,탕 / 찌개 / 전골,만원 미만,유료주차 가능,월-금: 11:30 - 22:00 토: 11:30 - 20:00,일
양미옥,4.3,서울시 중구 을지로3가 141-2,02-2275-8838,고기 요리,2만원-3만원,유료주차 가능,11:00 - 22:00,
커피한약방,4.1,서울시 중구 을지로2가 101-34,070-4148-4242,카페 / 디저트,만원 미만,주차공간없음,월-금: 08:00 - 22:30 토: 11:00 - 21:00 일: 12:00 - 20:00,
혜민당,4.1,서울시 중구 을지로2가 101-43,,카페 / 디저트,만원 미만,,,
도이농,4.1,서울시 중구 수표동 56-11,010-2171-4246,태국 음식,만원 미만,,,
조선옥,4.1,서울시 중구 을지로3가 229-1,02-2266-0333,고기 요리,3만원-4만원,주차공간없음,12:00 - 22:00,둘째/넷째 일
작은물,4.1,서울시 중구 을지로3가 285-1,,카페 / 디저트,만원 미만,,,
해룡마라룽샤,4.1,서울시 중구 을지로6가 18-66,02-2268-6789,기타 중식,2만원-3만원,유료주차 가능 주차권 2시간 제공,12:00 - 24:00,
녁,4,서울시 중구 수표동 56-1,070-4150-0504,이탈리안,2만원-3만원,유료주차 가능,월-금: 11:00 - 24:00 토: 11:00 - 22:00 일: 11:00 - 21:00,
구이구이,4,서울시 중구 을지로1가 192-11,02-783-9292,한정식 / 백반 / 정통 한식,만원-2만원,주차공간없음,월-금: 11:00 - 23:00 토-일: 11:30 - 21:30,
잔,3.9,서울시 중구 을지로3가 349-1,02-2285-4854,카페 / 디저트,2만원-3만원,주차공간없음,11:00 - 24:00,일
호텔수선화,3.9,서울시 중구 을지로3가 302-18,070-8950-2649,카페 / 디저트,만원-2만원,유료주차 가능,12:00 - 24:00,일
을지로미팅룸,3.9,서울시 중구 초동 110,010-6327-0708,퓨전 양식,만원-2만원,주차공간없음,11:30 - 23:30,일
십분의일,3.9,서울시 중구 저동2가 5-2,010-9167-8051,칵테일 / 와인,만원 미만,유료주차 가능,월-금: 18:00 - 24:00 토: 18:00 - 02:00,일
노아 로스팅,3.9,서울시 중구 을지로2가 101-46,02-2272-6355,카페 / 디저트,만원 미만,주차공간없음,월-금: 07:30 - 22:00 토: 10:00 - 19:00,일
핀스카이,3.9,서울시 중구 을지로7가 58-1,02-2275-1331,칵테일 / 와인,만원 미만,무료주차 가능,18:00 - 03:00,
을지오뎅,3.9,서울시 중구 을지로3가 348-5,,일반 주점,만원-2만원,주차공간없음,17:00 - 24:00,
우에스토,3.8,서울시 중구 을지로2가 199-33,02-319-0033,돈부리 / 일본 카레 / 벤토,만원 미만,주차공간없음,11:00 - 24:00,
풍남원조골뱅이,3.8,서울시 중구 을지로3가 350,,일반 주점,2만원-3만원,주차공간없음,16:00 - 01:00,일
오구반점,3.7,서울시 중구 을지로3가 5-9,02-2267-0516,정통 중식 / 일반 중식,만원 미만,주차공간없음,11:00 - 21:00,일
안동장,3.7,서울시 중구 을지로3가 315-1,02-2266-3814,정통 중식 / 일반 중식,만원 미만,주차공간없음,11:30 - 21:30,
화덕과베토벤,3.7,서울시 중구 수표동 56-7,02-2275-7775,이탈리안,만원-2만원,주차공간없음,월-금: 11:00 - 23:00 토: 12:00 - 22:00,일
춘천막국수,3.7,서울시 중구 을지로4가 60,,국수 / 면 요리,만원-2만원,주차공간없음,월-금: 11:30 - 22:00 토-일: 11:30 - 20:00,
소복,3.7,서울시 중구 을지로7가 2-1,,카페 / 디저트,만원 미만,,,
신라원삼계탕,3.7,서울시 중구 을지로2가 101-38,02-757-5446,탕 / 찌개 / 전골,만원-2만원,주차공간없음,11:30 - 22:00,일
그랑블루,3.6,서울시 중구 수표동 35-10,070-7798-0872,이탈리안,만원-2만원,주차공간없음,11:30 - 22:00,
쎄투,3.6,서울시 중구 을지로3가 95-4,010-9363-2597,카페 / 디저트,만원 미만,주차공간없음,12:30 - 19:00,일
잘루스,3.6,서울시 중구 광희동1가 143-2,02-2277-5418,다국적 아시아 음식,만원-2만원,주차공간없음,10:00 - 23:00,
창고43,3.6,서울시 중구 을지로2가 203,02-6031-0081,고기 요리,4만원 이상,유료주차 가능,11:30 - 22:00,
아오리의행방불명,3.4,서울시 중구 을지로7가 2-1,,라멘 / 소바 / 우동,만원 미만,,,
동경우동,3.4,서울시 중구 초동 17-1,02-2274-3440,라멘 / 소바 / 우동,만원 미만,유료주차 가능,09:00 - 21:00,일
경성팥집옥루몽,3.4,서울시 중구 을지로7가 2-1,,카페 / 디저트,만원 미만,,10:00 - 23:00,
모스버거,3.4,서울시 중구 을지로2가 199-8,02-779-7416,브런치 / 버거 / 샌드위치,만원 미만,주차공간없음,월-금: 08:00 - 23:00 토-일: 08:00 - 22:00,
분카샤,3.3,서울시 중구 을지로3가 302-2,02-2269-6947,카페 / 디저트,만원 미만,주차공간없음,월-토: 12:00 - 24:00 일: 12:00 - 20:00,
에베레스트,3.3,서울시 중구 을지로6가 18-21,02-2118-8898,인도 음식,만원-2만원,유료주차 가능,월: 11:00 - 22:00 화: 16:00 - 22:00 수-일: 11:00 - 22:00,
판다익스프레스,3.3,서울시 중구 소공동 1,02-726-4032,퓨전 중식,2만원-3만원,유료주차 가능,월-목: 10:30 - 20:00 금-일: 10:30 - 20:30,
오설록티하우스,3.3,서울시 중구 을지로6가 18-134,02-2279-6507,카페 / 디저트,만원-2만원,주차공간없음,10:00 - 23:00,
모찌크림,3.3,서울시 중구 소공동 1,02-772-3997,카페 / 디저트,만원 미만,유료주차 가능,월-금: 10:30 - 20:00 토-일: 10:30 - 20:30,
헤븐온탑,3.2,서울시 중구 을지로7가 2-1,,카페 / 디저트,만원 미만,,,
북촌손만두,3.1,서울시 중구 을지로6가 18-137,02-2275-5580,한정식 / 백반 / 정통 한식,만원 미만,주차공간없음,10:30 - 06:00,
델리커리,2.7,서울시 중구 을지로7가 143,,돈부리 / 일본 카레 / 벤토,만원 미만,유료주차 가능,11:00 - 22:00,
커피사마리아,-,서울시 중구 을지로3가 278,02-2274-2780,카페 / 디저트,만원 미만,주차공간없음,12:00 - 20:00,일
청시행,-,서울시 중구 을지로3가 95-13,02-1522-2364,브런치 / 버거 / 샌드위치,만원 미만,주차공간없음,11:00 - 23:00,
아러바우트,-,서울시 중구 저동1가 48,02-752-3151,카페 / 디저트,만원 미만,무료주차 가능,월-금: 08:00 - 21:00 토-일: 10:00 - 21:00,
투피스,-,서울시 중구 을지로5가 76-1,,카페 / 디저트,만원 미만,,12:00 - 21:00,"일, 월"
아웃백스테이크하우스,-,서울시 중구 을지로2가 199-22,02-778-6731,패밀리 레스토랑,2만원-3만원,,11:00 - 23:00,
석산정,-,서울시 중구 산림동 296-1,,고기 요리,2만원-3만원,주차공간없음,10:00 - 22:00,
준수방키친,-,서울시 중구 저동1가 48,02-3789-0692,퓨전 양식,2만원-3만원,무료주차 가능 2시간 무료,11:00 - 23:00,
유에서유,-,서울시 중구 수표동 56-1,02-2261-0314,기타 일식,만원 미만,주차공간없음,11:30 - 24:00,토-일
호반집,-,서울시 중구 인현동1가 24-2,,한정식 / 백반 / 정통 한식,만원-2만원,주차공간없음,월-금: 10:00 - 22:00 토: 11:00 - 18:00,일
샤이바나,-,서울시 중구 을지로7가 2-1,02-2252-4281,퓨전 양식,만원-2만원,유료주차 가능,11:00 - 21:30,
앙비떼,-,서울시 중구 주교동 253-2,02-6409-5559,카페 / 디저트,만원 미만,,,
한국관,-,서울시 중구 을지로3가 345-7,02-2275-8253,고기 요리,만원-2만원,주차공간없음,00:00 - 24:00,
봉추찜닭,-,서울시 중구 을지로6가 18-21,,닭 / 오리 요리,2만원-3만원,주차공간없음,11:00 - 23:00,
호성,-,서울시 중구 을지로3가 296-6,,정통 일식 / 일반 일식,3만원-4만원,주차공간없음,월-금: 11:00 - 22:00 토: 11:00 - 21:00,일
뿌자2,-,서울시 중구 을지로6가 18-71,02-2274-2922,인도 음식,만원-2만원,주차공간없음,11:00 - 23:00,
물결,-,서울시 중구 을지로3가 295-5,070-4142-7202,치킨 / 호프 / 펍,만원-2만원,무료주차 가능,08:00 - 23:00,일
울란바타르,-,서울시 중구 광희동1가 143-2,02-2265-6565,세계음식 기타,만원-2만원,주차공간없음,10:00 - 20:00,
스시하루,-,서울시 중구 을지로2가 101-21,,회 / 스시,3만원-4만원,주차공간없음,11:00 - 21:30,
그라츠과자점,-,서울시 중구 을지로2가 181,02-779-1405,베이커리,만원 미만,주차공간없음,월-금: 07:00 - 22:00 토: 09:00 - 20:00,일
구름공방,-,서울시 중구 을지로3가 348-4,,퓨전 양식,만원-2만원,,,
달인겉절이칼국수보쌈,-,서울시 중구 을지로2가 203,02-6031-0093,기타 한식,2만원-3만원,,월-금: 09:30 - 21:30 토: 09:00 - 14:30,일
George,-,서울시 중구 을지로3가 334-7,070-8810-2693,카페 / 디저트,만원 미만,주차공간없음,화-목: 14:00 - 22:00 금-토: 12:00 - 24:00 일: 13:00 - 20:00,월
동대문진짜원조닭한마리,-,서울시 중구 을지로6가 18-84,02-2266-7181,닭 / 오리 요리,2만원-3만원,유료주차 가능,월-금: 11:00 - 23:00 토-일: 11:00 - 24:00,
해남낙지,-,서울시 중구 을지로6가 18-74,02-2278-4162,해산물 요리,만원-2만원,주차공간없음,10:00 - 22:00,일
사마리칸트,-,서울시 중구 을지로6가 34-2,02-2279-7780,세계음식 기타,만원 미만,주차공간없음,10:00 - 23:00,
락희옥,-,서울시 중구 을지로2가 149-10,,기타 한식,만원-2만원,,08:00 - 23:00,
302호 BAR,-,서울시 중구 을지로2가 101-30,010-9178-3072,칵테일 / 와인,만원-2만원,유료주차 가능,월-목: 19:00 - 01:00 금-토: 19:00 - 02:00,일
스몰하우스빅도어,-,서울시 중구 다동 115,02-2038-8191,이탈리안,만원-2만원,유료주차 가능,11:00 - 23:30,
설빙,-,서울시 중구 을지로6가 23,02-2276-0992,카페 / 디저트,만원 미만,유료주차 가능,일-목: 11:00 - 01:00 금-토: 11:00 - 02:00,
토끼정,-,서울시 중구 소공동 1,02-772-3639,퓨전 일식,만원-2만원,유료주차 가능,10:30 - 20:30,
을지칼국수,-,서울시 중구 을지로3가 291-45,,국수 / 면 요리,만원 미만,주차공간없음,월-금: 10:30 - 22:00 토: 10:30 - 17:00,일
은성장,-,서울시 중구 을지로3가 296-4,,탕 / 찌개 / 전골,만원-2만원,주차공간없음,08:30 - 22:00,
사마르칸트시티,-,서울시 중구 을지로6가 35-1,02-6014-6368,세계음식 기타,만원 미만,주차공간없음,11:00 - 23:00,
가야성,-,서울시 중구 을지로2가 101-38,02-2267-3939,정통 중식 / 일반 중식,만원 미만,주차공간없음,10:30 - 21:30,일
카페진정성,-,서울시 중구 소공동 1,,카페 / 디저트,만원 미만,,,
충무칼국수,-,서울시 중구 저동2가 3-5,02-2274-0056,국수 / 면 요리,만원 미만,주차공간없음,11:00 - 20:00,"토, 일"
열봉이,-,서울시 중구 을지로6가 18-71,02-2272-9242,닭 / 오리 요리,만원-2만원,주차공간없음,17:00 - 05:00,화
서울회관,-,서울시 중구 저동1가 48,02-753-3392,고기 요리,3만원-4만원,무료주차 가능,11:00 - 22:00,
너비집,-,서울시 중구 을지로2가 199-73,02-756-4084,고기 요리,4만원 이상,유료주차 가능,11:30 - 22:00,
영락골뱅이,-,서울시 중구 저동2가 80-1,,일반 주점,만원-2만원,주차공간없음,월-토: 13:00 - 01:30 일: 13:00 - 24:00,
에맥앤볼리오스,-,서울시 중구 을지로7가 2-1,02-2153-0722,카페 / 디저트,만원 미만,유료주차 가능,10:00 - 22:00,
팔색삼겹살,-,서울시 중구 을지로6가 18-84,02-2264-8388,고기 요리,2만원-3만원,주차공간없음,00:00 - 24:00,
핫텐도,-,서울시 중구 소공동 1,02-772-3011,베이커리,만원 미만,유료주차 가능,10:30 - 20:00,
을지맥옥,-,서울시 중구 을지로3가 344-17,02-2272-1825,치킨 / 호프 / 펍,만원-2만원,주차공간없음,17:00 - 01:00,일
일번지곱창대창,-,서울시 중구 을지로2가 199-64,02-773-3150,고기 요리,만원-2만원,주차공간없음,월-금: 16:00 - 01:00 토-일: 16:00 - 24:00,
이남장,-,서울시 중구 을지로2가 101-32,02-2267-4081,탕 / 찌개 / 전골,만원-2만원,유료주차 가능,월-금: 09:00 - 21:50 토-일: 09:00 - 21:00,
대가,-,서울시 중구 을지로1가 37,02-754-2600,라멘 / 소바 / 우동,만원 미만,주차공간없음,09:00 - 21:30,"토, 일"
할리스커피,-,서울시 중구 을지로6가 18-134,02-2272-3331,카페 / 디저트,만원 미만,주차공간없음,00:00 - 24:00,
찬청,-,서울시 중구 을지로7가 2-1,02-2235-1717,기타 한식,만원 미만,유료주차 가능,11:00 - 22:00,
을지골뱅이,-,서울시 중구 저동2가 76-5,02-2264-2870,치킨 / 호프 / 펍,2만원-3만원,주차공간없음,13:00 - 02:00,
화룽마라룽샤,-,서울시 중구 을지로2가 199-74,02-3789-7890,기타 중식,2만원-3만원,주차공간없음,11:00 - 24:00,
훅트포케,-,서울시 중구 을지로2가 101-30,070-7757-0976,세계음식 기타,만원 미만,,월-금: 11:00 - 21:00 토-일: 11:30 - 20:30,
김삼보,-,서울시 중구 을지로6가 30-5,02-2272-0189,탕 / 찌개 / 전골,만원 미만,주차공간없음,00:00 - 24:00,
진짜해장국,-,서울시 중구 을지로6가 18-85,,한정식 / 백반 / 정통 한식,만원-2만원,주차공간없음,00:00 - 24:00,
잇츠크리스피,-,서울시 중구 수하동 68,02-6021-5566,베이커리,만원 미만,,월-금: 07:00 - 22:30 토-일: 09:00 - 22:00,일
하남돼지집,-,서울시 중구 을지로2가 199-77,02-772-9995,고기 요리,만원-2만원,주차공간없음,15:00 - 24:00,
1988 서울불고기,-,서울시 중구 을지로7가 2-1,02-2252-1988,탕 / 찌개 / 전골,만원-2만원,유료주차 가능,11:30 - 22:00,
다동골뱅이치킨,-,서울시 중구 다동 144,02-778-2935,치킨 / 호프 / 펍,만원-2만원,주차공간없음,17:00 - 01:00,
세이슌,-,서울시 중구 을지로2가 199-76,02-310-9309,한정식 / 백반 / 정통 한식,만원-2만원,주차공간없음,10:30 - 22:00,일
모모야,-,서울시 중구 을지로7가 2-1,02-2237-0077,까스 요리,만원-2만원,유료주차 가능,10:00 - 22:00,
투썸플레이스,-,서울시 중구 을지로1가 192-11,,카페 / 디저트,만원 미만,,,
을지황소곱창,-,서울시 중구 수표동 56-7,02-2277-9792,고기 요리,만원-2만원,유료주차 가능,16:00 - 23:00,
아우르는해와달,-,서울시 중구 을지로6가 18-66,,탕 / 찌개 / 전골,만원-2만원,,,
한우방,-,서울시 중구 을지로2가 199-56,02-753-5030,고기 요리,2만원-3만원,주차공간없음,10:30 - 23:30,
호토모토,-,서울시 중구 을지로2가 199-33,02-778-3181,기타 일식,만원-2만원,,07:30 - 21:00,
빈집,-,서울시 중구 저동2가 5-3,070-8160-0101,치킨 / 호프 / 펍,만원-2만원,주차공간없음,18:00 - 24:00,일
동표골뱅이,-,서울시 중구 을지로3가 344-1,02-2274-5247,해산물 요리,만원-2만원,주차공간없음,14:00 - 02:00,
계절밥상,-,서울시 중구 을지로6가 21-31,02-6262-4715,뷔페,2만원-3만원,유료주차 가능,11:00 - 22:00,
우촌돌솥설렁탕,-,서울시 중구 저동2가 10,,탕 / 찌개 / 전골,만원-2만원,주차공간없음,09:30 - 22:00,
델리카한스,-,서울시 중구 소공동 1,02-317-7148,베이커리,4만원 이상,무료주차 가능 당일 무료,07:00 - 22:00,
동강나루터,-,서울시 중구 수표동 56-10,02-2273-5989,탕 / 찌개 / 전골,만원-2만원,주차공간없음,10:00 - 22:00,일
카페그레벵,-,서울시 중구 을지로1가 63,02-777-0050,프랑스 음식,만원-2만원,,10:00 - 22:00,
비어킹,-,서울시 중구 을지로6가 18-130,,치킨 / 호프 / 펍,만원-2만원,,14:00 - 04:00,
빌라드샬롯,-,서울시 중구 장교동 74,02-6112-1050,스테이크 / 바베큐,2만원-3만원,유료주차 가능,06:30 - 22:00,
전주옥,-,서울시 중구 수표동 56-4,02-2279-1710,고기 요리,만원-2만원,,11:00 - 23:00,일
남도한식정든님,-,서울시 중구 을지로2가 163-5,02-778-9462,한정식 / 백반 / 정통 한식,만원-2만원,주차공간없음,11:00 - 22:00,
을지로맨틱,-,서울시 중구 을지로3가 295-5,010-8291-1988,칵테일 / 와인,2만원-3만원,무료주차 가능,18:00 - 23:30,일
코코이찌방야,-,서울시 중구 을지로6가 21-31,,기타 일식,만원 미만,,11:00 - 23:00,
나주곰탕,-,서울시 중구 을지로2가 199-53,02-318-0879,탕 / 찌개 / 전골,만원 미만,주차공간없음,00:00 - 24:00,
스타벅스,-,서울시 중구 을지로1가 50,02-758-8505,카페 / 디저트,만원 미만,주차공간없음,월-금: 07:30 - 21:00 토: 08:00 - 21:00 일: 08:00 - 20:00,
하루,-,서울시 중구 을지로2가 101-21,02-2266-7787,회 / 스시,2만원-3만원,유료주차 가능,월-금: 11:30 - 21:30 토: 12:00 - 19:00,일
이화수전통육개장,-,서울시 중구 수표동 56-1,02-778-4042,탕 / 찌개 / 전골,만원 미만,주차공간없음,월-금: 11:00 - 23:00 토-일: 11:00 - 22:00,
포베이,-,서울시 중구 을지로7가 143,02-2233-9460,베트남 음식,만원-2만원,유료주차 가능,11:00 - 22:00,
더 캑터스 카페,-,서울시 중구 을지로5가 275-3,010-7508-8077,카페 / 디저트,만원-2만원,유료주차 가능,11:30 - 14:30,일
육첩반상,-,서울시 중구 을지로2가 203,,한정식 / 백반 / 정통 한식,만원 미만,,,
내림손삼계탕,-,서울시 중구 을지로6가 18-40,02-2265-0118,탕 / 찌개 / 전골,만원-2만원,유료주차 가능,10:00 - 22:30,
찰스숯불김밥,-,서울시 중구 을지로1가 192-11,02-318-9890,기타 한식,만원 미만,주차공간없음,08:00 - 21:00,일
곰대감,-,서울시 중구 을지로7가 2-1,,탕 / 찌개 / 전골,만원 미만,,,
왕왕수제비,-,서울시 중구 을지로1가 192-11,02-777-8990,국수 / 면 요리,만원 미만,주차공간없음,11:00 - 21:00,일
감각의제국,-,서울시 중구 을지로3가 302-15,010-2778-2953,칵테일 / 와인,만원-2만원,주차공간없음,월-목: 18:00 - 24:00 금-토: 18:00 - 02:00,일
아워스,-,서울시 중구 저동1가 48,070-8810-6687,퓨전 중식,만원-2만원,유료주차 가능,11:00 - 22:00,
운다피자,-,서울시 중구 을지로7가 2-1,02-2153-0757,기타 양식,만원 미만,,,
서울고기집,-,서울시 중구 다동 117,02-722-1005,고기 요리,만원-2만원,유료주차 가능,10:00 - 01:00,
동대문엽기떡볶이,-,서울시 중구 을지로6가 23-7,,기타 한식,만원-2만원,주차공간없음,월-토: 11:00 - 03:00 일: 11:00 - 23:00,
청계천 강릉장칼국수,-,서울시 중구 을지로2가 101-39,02-2277-1133,국수 / 면 요리,만원 미만,무료주차 가능,11:00 - 21:00,
우일집,-,서울시 중구 을지로3가 155-4,,고기 요리,만원-2만원,주차공간없음,10:00 - 22:00,일
상우그릴스101,-,서울시 중구 을지로2가 101-28,02-2268-1012,고기 요리,4만원 이상,주차공간없음,11:00 - 22:00,"토, 일"
한연양꼬치,-,서울시 중구 을지로6가 18-63,02-2285-5668,기타 중식,2만원-3만원,주차공간없음,16:00 - 06:00,둘째/넷째 일
하남돼지집,-,서울시 중구 을지로6가 18-64,02-2266-3030,고기 요리,만원-2만원,유료주차 가능,11:00 - 05:00,
을지삼계탕,-,서울시 중구 을지로2가 101-12,02-2277-7780,탕 / 찌개 / 전골,만원-2만원,주차공간없음,08:00 - 21:30,
후안발데스카페,-,서울시 중구 을지로7가 2-1,,카페 / 디저트,만원 미만,주차공간없음,월-금: 08:00 - 23:00 토-일: 09:00 - 23:00,
히노아지,-,서울시 중구 을지로2가 199-52,02-772-9568,라멘 / 소바 / 우동,만원 미만,,10:30 - 21:30,
황소곱창,-,서울시 중구 광희동1가 142,02-2265-2255,고기 요리,,,,
정성본,-,서울시 중구 을지로6가 18-84,02-2269-5270,탕 / 찌개 / 전골,만원-2만원,주차공간없음,10:00 - 07:00,
공차,-,서울시 중구 을지로7가 2-1,02-2153-0710,카페 / 디저트,만원 미만,,10:00 - 21:30,
송정민물장어,-,서울시 중구 광희동1가 38-1,02-2268-0592,기타 한식,4만원 이상,,10:30 - 22:30,
벗님들와규,-,서울시 중구 을지로6가 18-129,02-2278-9946,고기 요리,만원-2만원,주차공간없음,11:30 - 22:00,
마포만두,-,서울시 중구 을지로1가 32,02-755-5158,기타 한식,만원 미만,주차공간없음,00:00 - 24:00,일
더착한커피,-,서울시 중구 을지로7가 2-1,02-2153-0788,카페 / 디저트,만원 미만,유료주차 가능,09:00 - 22:00,
스타벅스,-,서울시 중구 을지로2가 88-5,02-6250-8280,카페 / 디저트,만원 미만,유료주차 가능,월-금: 07:00 - 23:00 토: 08:00 - 22:00 일: 08:00 - 20:00,
개성닭한마리,-,서울시 중구 을지로6가 18-103,,닭 / 오리 요리,2만원-3만원,,,
타마고,-,서울시 중구 을지로2가 149-10,070-8805-0922,정통 일식 / 일반 일식,만원 미만,주차공간없음,11:00 - 21:00,"토, 일"
도쿄가든,-,서울시 중구 을지로2가 9-7,,돈부리 / 일본 카레 / 벤토,만원-2만원,,,
플라쟈,-,서울시 중구 산림동 207-2,02-2275-4580,이탈리안,만원 미만,유료주차 가능,월-금: 11:30 - 21:00 토: 13:00 - 21:00,일
수유리우동집,-,서울시 중구 을지로6가 18-84,,기타 한식,만원 미만,,,
가장맛있는족발,-,서울시 중구 광희동1가 143-2,02-2285-2004,고기 요리,만원-2만원,,,
BBQ치킨,-,서울시 중구 을지로6가 23-26,02-2272-0984,닭 / 오리 요리,만원-2만원,,,
한복카페,-,서울시 중구 을지로6가 18-40,070-7569-0652,카페 / 디저트,2만원-3만원,주차공간없음,11:00 - 18:00,수
오븐에빠진닭,-,서울시 중구 을지로3가 296-5,,치킨 / 호프 / 펍,만원-2만원,주차공간없음,14:00 - 02:00,일
원조골뱅이,-,서울시 중구 을지로2가 199-62,02-757-5081,해산물 요리,만원-2만원,주차공간없음,14:00 - 02:00,
디엣지,-,서울시 중구 을지로3가 334-8,,카페 / 디저트,만원 미만,,,
명동순대국,-,서울시 중구 을지로2가 197,02-3789-1179,기타 한식,만원 미만,,10:00 - 10:00,
미소야,-,서울시 중구 을지로7가 2-1,02-2153-0753,퓨전 일식,만원-2만원,주차공간없음,09:00 - 23:00,
교동짬뽕,-,서울시 중구 을지로7가 2-1,,정통 중식 / 일반 중식,만원 미만,,,
촙촙,-,서울시 중구 저동2가 2-5,02-2261-1361,베트남 음식,만원-2만원,주차공간없음,월-목: 11:30 - 22:00 금-토: 11:30 - 23:00 일: 11:30 - 20:00,
제주본가,-,서울시 중구 을지로1가 47-3,02-777-5668,고기 요리,만원-2만원,주차공간없음,09:00 - 23:30,일
쥬시스테이크,-,서울시 중구 을지로2가 199-77,070-7743-9292,스테이크 / 바베큐,만원-2만원,주차공간없음,월-금: 11:00 - 23:00 토-일: 11:00 - 22:00,
맛깔참죽,-,서울시 중구 을지로2가 149-10,02-753-1009,기타 한식,만원 미만,,08:00 - 20:30,
돌깨마을맷돌순두부,-,서울시 중구 을지로6가 18-137,02-2271-9999,한정식 / 백반 / 정통 한식,만원-2만원,주차공간없음,09:30 - 22:00,
만족오향족발,-,서울시 중구 을지로6가 18-77,02-2271-0880,고기 요리,만원-2만원,유료주차 가능,월-금: 16:00 - 24:00 토-일: 14:00 - 24:00,
민정식당,-,서울시 중구 을지로6가 18-55,02-2272-8847,한정식 / 백반 / 정통 한식,만원 미만,주차공간없음,07:00 - 22:30,
파스쿠찌,-,서울시 중구 을지로6가 18-35,,카페 / 디저트,만원 미만,,10:30 - 01:00,화
평균율,-,서울시 중구 초동 17-4,02-2275-9249,카페 / 디저트,만원 미만,주차공간없음,12:00 - 24:00,일
만랩커피,-,서울시 중구 을지로3가 296-3,,카페 / 디저트,만원 미만,,,
묵호횟집,-,서울시 중구 을지로2가 199-18,02-779-2280,해산물 요리,4만원 이상,주차공간없음,09:30 - 22:30,
한우리,-,서울시 중구 소공동 1,02-772-3774,탕 / 찌개 / 전골,만원-2만원,유료주차 가능,10:30 - 21:00,
70s 라디오펍,-,서울시 중구 을지로2가 199-63,02-777-4986,치킨 / 호프 / 펍,2만원-3만원,주차공간없음,월-금: 10:00 - 02:00 토-일: 10:00 - 01:30,
서라벌숯불구이,-,서울시 중구 을지로6가 18-75,02-2273-1188,고기 요리,만원-2만원,주차공간없음,10:30 - 02:30,
해천죽전문점,-,서울시 중구 을지로6가 18-131,02-2279-3733,기타 한식,만원 미만,,10:30 - 22:00,
둘둘치킨,-,서울시 중구 을지로2가 199-76,02-765-4422,치킨 / 호프 / 펍,만원-2만원,주차공간없음,11:00 - 01:00,
에어포트,-,서울시 중구 을지로2가 199-7,02-776-5045,일반 주점,2만원-3만원,,19:00 - 02:30,
부추곱창,-,서울시 중구 을지로6가 18-40,02-2268-1733,고기 요리,만원-2만원,주차공간없음,14:00 - 02:00,
민속촌,-,서울시 중구 을지로2가 199-51,02-779-8371,전통 주점 / 포차,만원-2만원,주차공간없음,00:00 - 24:00,
BHC치킨,-,서울시 중구 광희동1가 142,02-2278-0053,닭 / 오리 요리,만원-2만원,,,
바다일번지,-,서울시 중구 다동 143,02-775-6010,회 / 스시,2만원-3만원,주차공간없음,10:00 - 24:00,
파스타스파게티맛있는집,-,서울시 중구 을지로6가 18-84,,이탈리안,만원 미만,,,
무교동원조갈매기집,-,서울시 중구 다동 142,02-778-5687,고기 요리,만원-2만원,주차공간없음,,
을지수제비,-,서울시 중구 을지로3가 291-39,,한정식 / 백반 / 정통 한식,만원 미만,주차공간없음,월-금: 11:30 - 22:00 토: 11:30 - 15:00,일
곰솥집,-,서울시 중구 을지로2가 199-13,02-756-4094,한정식 / 백반 / 정통 한식,만원 미만,,,
슈퍼커피,-,서울시 중구 을지로2가 197,02-752-7521,카페 / 디저트,만원 미만,,월-금: 07:00 - 21:00 토-일: 12:00 - 20:00,
목포세발낙지,-,서울시 중구 다동 144,02-777-7143,해산물 요리,,,,
포베이,-,서울시 중구 을지로6가 18-53,02-2278-4043,베트남 음식,만원-2만원,주차공간없음,월-토: 00:00 - 24:00 일: 10:00 - 21:00,
석원정,-,서울시 중구 을지로6가 18-52,02-2265-8803,고기 요리,만원-2만원,,10:30 - 22:30,
남원추어탕,-,서울시 중구 을지로5가 79-1,010-3736-9872,탕 / 찌개 / 전골,만원-2만원,,,
아쿠아,-,서울시 중구 소공동 1,02-726-4070,정통 일식 / 일반 일식,4만원 이상,,11:30 - 21:30,
오가와,4.7,서울시 종로구 당주동 5,02-735-1001,회 / 스시,4만원 이상,유료주차 가능,12:00 - 22:30,"토, 일"
폴앤폴리나,4.7,서울시 종로구 내수동 74,02-739-5520,베이커리,만원 미만,유료주차 가능,12:00 - 19:00,"일, 첫째 월"
더미,4.7,서울시 종로구 종로1가 24,02-2075-6611,고기 요리,3만원-4만원,무료주차 가능 2시간 무료,11:00 - 22:00,
정돈,4.6,서울시 종로구 명륜4가 107,02-987-0924,까스 요리,만원-2만원,유료주차 가능,11:30 - 21:00,
파올로데마리아,4.6,서울시 종로구 부암동 208-71,02-599-9936,이탈리안,2만원-3만원,발렛,11:30 - 22:30,월
서촌김씨,4.6,서울시 종로구 창성동 158-2,02-730-7787,이탈리안,4만원 이상,주차공간없음,12:00 - 24:00,"넷째 일, 월"
부촌육회,4.6,서울시 종로구 종로4가 165-11,02-2267-1831,고기 요리,만원-2만원,주차공간없음,일-수: 09:00 - 23:00 목-토: 09:00 - 24:00,
호가양꼬치,4.6,서울시 종로구 수송동 71-2,02-736-7277,기타 중식,2만원-3만원,주차공간없음,월-금: 13:00 - 01:00 토-일: 13:00 - 24:00,
옥인피자,4.5,서울시 종로구 옥인동 155,02-737-9944,이탈리안,만원-2만원,주차공간없음,11:30 - 21:00,일
브라세리인스페이스,4.5,서울시 종로구 원서동 219,02-747-8103,이탈리안,4만원 이상,무료주차 가능,11:30 - 22:00,첫째/셋째 일
서촌계단집,4.5,서울시 종로구 내자동 11-1,02-737-8412,해산물 요리,만원-2만원,주차공간없음,월-금: 15:00 - 12:50 토-일: 14:00 - 12:50,
후라토식당,4.5,서울시 종로구 신문로2가 1-135,02-730-7090,까스 요리,만원-2만원,주차공간없음,11:30 - 24:00,
스시소라,4.5,서울시 종로구 종로1가 24,02-733-8400,정통 일식 / 일반 일식,4만원 이상,유료주차 가능,화-금: 11:30 - 21:50 토-일: 17:30 - 21:20,월
파네트크루아상팩토리,4.5,서울시 종로구 내수동 71,,카페 / 디저트,만원 미만,,,
태조감자국,4.5,서울시 성북구 동소문동5가 73-2,02-926-7008,탕 / 찌개 / 전골,만원-2만원,주차공간없음,10:00 - 05:00,
육회자매집,4.5,서울시 종로구 종로5가 138-7,02-2272-3036,고기 요리,2만원-3만원,유료주차 가능,10:00 - 22:30,월
조우,4.5,서울시 종로구 통인동 147-14,02-732-1383,이탈리안,만원-2만원,,월-금: 11:30 - 22:00 토-일: 12:00 -21:00,
고가빈커리하우스,4.4,서울시 종로구 내수동 110-48,02-722-2224,인도 음식,만원-2만원,주차공간없음,11:30 - 21:30,
힐사이드테이블,4.4,서울시 종로구 내수동 110-48,02-720-5757,기타 양식,만원-2만원,,11:00 - 21:30,
갈리나데이지,4.4,서울시 종로구 통인동 118-8,02-720-1248,이탈리안,2만원-3만원,유료주차 가능 1시간 무료,12:00 - 22:30,일
오뗄두스,4.4,서울시 중구 태평로1가 84,070-4221-5705,카페 / 디저트,만원 미만,유료주차 가능,09:30 - 21:30,
깔리,4.4,서울시 종로구 명륜4가 170-3,02-747-5050,인도 음식,만원-2만원,주차공간없음,12:00 - 21:30,격주 월
믹스앤몰트,4.4,서울시 종로구 명륜3가 154-2,02-765-5945,칵테일 / 와인,만원-2만원,주차공간없음,월-금: 17:00 - 02:00 토: 12:00 - 01:00 일: 12:00 - 02:00,
스시산원 경,4.4,서울시 종로구 내수동 75,02-733-7770,정통 일식 / 일반 일식,4만원 이상,유료주차 가능 1.5시간 무료,12:00 - 22:00,일
독일주택,4.4,서울시 종로구 명륜4가 45-1,02-742-1933,치킨 / 호프 / 펍,만원-2만원,유료주차 가능,12:00 - 02:00,
비엣꽌,4.4,서울시 종로구 계동 102-1,02-744-1868,베트남 음식,만원-2만원,주차공간없음,10:00 - 21:00,
창신육회,4.4,서울시 종로구 종로4가 165-5,02-2266-6727,고기 요리,만원-2만원,주차공간없음,09:00 - 23:00,화
황산샤브샤브,4.4,서울시 종로구 수송동 58,02-725-0050,기타 중식,만원-2만원,유료주차 가능,08:00 - 22:00,
무교동북어국집,4.4,서울시 중구 다동 173,02-777-3891,탕 / 찌개 / 전골,만원 미만,주차공간없음,07:00 - 20:00,
호랑이카레,4.4,서울시 종로구 계동 2-49,070-4187-2046,돈부리 / 일본 카레 / 벤토,만원-2만원,주차공간없음,11:30 - 21:00,월
백부장집닭한마리,4.4,서울시 종로구 공평동 129,02-732-2565,닭 / 오리 요리,만원-2만원,주차공간없음,11:00 - 22:00,일
128Pan,4.4,서울시 종로구 동숭동 12-8,070-4063-1454,기타 양식,만원-2만원,무료주차 가능,월-토: 12:00 - 23:00 일: 17:00 - 23:00,
국수찾아닭만리,4.4,서울시 종로구 낙원동 110,02-745-4079,닭 / 오리 요리,만원 미만,주차공간없음,16:30 - 24:00,일
스토9,4.4,서울시 종로구 관훈동 118-13,02-725-9285,이자카야 / 오뎅 / 꼬치,만원-2만원,유료주차 가능,17:00 - 01:00,일
포담,4.3,서울시 종로구 통인동 137-7,02-733-0831,딤섬 / 만두,만원 미만,유료주차 가능,11:30 - 21:30,"일, 첫째 월"
깡통만두,4.3,서울시 종로구 재동 84-22,02-794-4243,한정식 / 백반 / 정통 한식,만원 미만,주차공간없음,11:30 - 21:30,일
누하의숲,4.3,서울시 종로구 누상동 95,02-733-5632,정통 일식 / 일반 일식,만원-2만원,주차공간없음,11:30 - 21:30,월
에베레스트,4.3,서울시 종로구 창신동 148-1,02-766-8850,다국적 아시아 음식,만원 미만,주차공간없음,11:30 - 22:00,
Scoff,4.3,서울시 종로구 누하동 90-2,070-7761-1739,베이커리,만원 미만,주차공간없음,10:00 - 18:00,"월, 화"
이태리총각,4.3,서울시 종로구 통인동 137-7,02-730-8893,이탈리안,만원-2만원,주차공간없음,월-금: 11:30 - 22:00 토-일: 12:00 - 22:00,
양키스버거,4.3,서울시 종로구 익선동 133-2,070-8801-0815,브런치 / 버거 / 샌드위치,만원 미만,주차공간없음,월-토: 12:00 - 23:00 일: 12:00 - 22:00,
종로돈부리,4.3,서울시 종로구 관철동 7-16,02-722-2384,돈부리 / 일본 카레 / 벤토,만원-2만원,유료주차 가능,11:00 - 22:00,
카페키이로,4.3,서울시 종로구 명륜4가 154-2,02-747-0848,카페 / 디저트,만원 미만,주차공간없음,12:00 - 20:00,"월, 화"
포비,4.3,서울시 종로구 청진동 246,02-2251-8125,카페 / 디저트,만원 미만,유료주차 가능,월-금: 08:00 - 22:30 토-일: 10:00 - 22:30,
Scoff,4.3,서울시 종로구 부암동 278-5,070-8801-1739,베이커리,만원 미만,주차공간없음,11:00 - 18:00,"월, 셋째 화"
성북동메밀수제비,4.3,서울시 성북구 성북동 281-1,02-764-0707,국수 / 면 요리,만원 미만,주차공간없음,11:30 - 21:30,
명륜건강원,4.3,서울시 종로구 명륜2가 237,02-741-2344,한정식 / 백반 / 정통 한식,만원 미만,무료주차 가능,월-금: 11:00 - 22:00 토: 11:00 - 21:00,일
교대이층집,4.3,서울시 종로구 견지동 110,02-723-6692,고기 요리,만원-2만원,유료주차 가능,11:00 - 23:30,
야마야,4.3,서울시 종로구 신문로1가 238,02-720-8002,기타 일식,만원-2만원,주차공간없음,월-금: 11:00 - 23:00 토-일: 11:00 - 21:30,
뚝배기집,4.3,서울시 종로구 관철동 5-1,02-2265-5744,한정식 / 백반 / 정통 한식,만원 미만,주차공간없음,월-금: 06:30 - 21:20 토-일: 07:30 - 21:20,
평안도만두집,4.3,서울시 종로구 내수동 167,02-723-6592,탕 / 찌개 / 전골,만원-2만원,무료주차 가능,11:00 - 22:00,일
클럽에스프레소,4.3,서울시 종로구 부암동 257-1,02-764-8719,카페 / 디저트,만원 미만,무료주차 가능,09:00 - 22:00,
두레유,4.3,서울시 종로구 가회동 16-12,02-743-2468,한정식 / 백반 / 정통 한식,4만원 이상,주차공간없음,11:00 - 21:30,
부처스컷,4.3,서울시 중구 태평로1가 84,02-318-0973,스테이크 / 바베큐,4만원 이상,유료주차 가능,11:30 - 23:00,
찰스에이치,4.3,서울시 종로구 당주동 29,02-6388-5500,칵테일 / 와인,2만원-3만원,무료주차 가능,일-수: 18:00 - 01:00 목-토: 18:00 - 02:30,
송스키친,4.3,서울시 종로구 누하동 145,02-725-1713,기타 한식,만원-2만원,주차공간없음,11:30 - 23:00,
호반,4.3,서울시 종로구 낙원동 85-7,02-738-9393,한정식 / 백반 / 정통 한식,만원 미만,주차공간없음,11:30 - 22:00,일
혜화양육관,4.3,서울시 종로구 명륜4가 36-1,02-743-7763,기타 중식,만원-2만원,주차공간없음,13:30 - 03:00,
떼레노,4.3,서울시 종로구 가회동 1-29,02-332-5525,세계음식 기타,4만원 이상,무료주차 가능,화-금: 11:30 - 15:30 17:30 - 20:30 토-일: 12:00 - 15:30 18:00 - 20:30,월
서울서둘째로잘하는집,4.3,서울시 종로구 삼청동 28-21,02-734-5302,카페 / 디저트,만원 미만,주차공간없음,11:00 - 21:00,월
녹기전에,4.3,서울시 종로구 익선동 120,070-8829-8020,카페 / 디저트,만원 미만,주차공간없음,화-토: 12:00 - 22:00 일: 12:00 - 21:00,월
김진목삼,4.3,서울시 종로구 필운동 154,02-929-2929,고기 요리,만원-2만원,,16:00 - 01:00,
경춘자의라면땡기는날,4.3,서울시 종로구 화동 138-21,02-733-3330,기타 한식,만원 미만,주차공간없음,월-토: 09:30 - 19:30 일: 09:30 - 17:00,"둘째, 넷째 일"
잘빠진메밀,4.3,서울시 종로구 묘동 3-1,070-4531-1214,국수 / 면 요리,만원 미만,주차공간없음,11:30 - 21:30,일
카레,4.3,서울시 성북구 성북동 161-6,,돈부리 / 일본 카레 / 벤토,만원 미만,,12:00 - 20:00,"일, 월"
고기의잔치,4.3,서울시 종로구 필운동 193,02-730-7826,고기 요리,3만원-4만원,주차공간없음,12:00 - 23:00,
투뿔등심,4.3,서울시 종로구 청진동 70,02-2158-7903,고기 요리,3만원-4만원,유료주차 가능,11:30 - 22:00,
병천유황오리,4.3,서울시 종로구 청진동 6,02-722-1530,닭 / 오리 요리,4만원 이상,,10:30 - 22:00,
호호식당,4.2,서울시 종로구 명륜4가 143,02-741-2384,정통 일식 / 일반 일식,만원-2만원,주차공간없음,11:00 - 22:00,
반짝반짝빛나는,4.2,서울시 종로구 관훈동 6,02-738-4525,카페 / 디저트,만원 미만,주차공간없음,10:00 - 22:30,
나무사이로,4.2,서울시 종로구 내자동 196,070-7590-0885,카페 / 디저트,만원 미만,주차공간없음,10:00 - 22:00,
에머이,4.2,서울시 종로구 관철동 16-9,02-733-0588,베트남 음식,만원-2만원,주차공간없음,11:00 - 22:30,
에버델리,4.2,서울시 종로구 통인동 102,02-720-0850,브런치 / 버거 / 샌드위치,만원 미만,유료주차 가능,11:00 - 20:30,"월, 마지막 화"
육회자매집,4.2,서울시 종로구 종로4가 177,02-2272-3069,고기 요리,2만원-3만원,유료주차 가능,월-토: 09:00 - 22:40 일: 09:00 - 22:30,
토속촌삼계탕,4.2,서울시 종로구 체부동 85-1,02-737-7444,탕 / 찌개 / 전골,만원-2만원,유료주차 가능,10:00 - 22:00,
나누미떡볶이,4.2,서울시 종로구 명륜2가 225,02-747-0881,기타 한식,만원 미만,주차공간없음,00:00 - 24:00,
빚짜,4.2,서울시 종로구 내자동 19,02-722-1832,치킨 / 호프 / 펍,만원 미만,주차공간없음,월-금: 11:30 - 24:00 토: 13:00 - 24:00 일: 13:00 - 23:00,
더키친살바토레앤바,4.2,서울시 종로구 수송동 85,02-730-5545,뷔페,2만원-3만원,유료주차 가능,월-토: 11:30 - 01:00 일: 11:30 - 23:00,
유유안,4.2,서울시 종로구 당주동 29,02-6388-5500,정통 중식 / 일반 중식,4만원 이상,발렛,11:30 - 21:30,
황생가칼국수,4.2,서울시 종로구 소격동 84,02-739-6334,국수 / 면 요리,만원 미만,무료주차 가능,11:00 - 21:30,
체부동잔치집,4.2,서울시 종로구 체부동 190,02-730-5420,국수 / 면 요리,만원 미만,주차공간없음,월-토: 10:00 - 05:30 일: 10:00 - 24:00,
카페마마스,4.2,서울시 종로구 중학동 19,02-736-1250,브런치 / 버거 / 샌드위치,만원-2만원,유료주차 가능,월-금: 07:30 - 22:00 토-일: 09:00 - 22:00,
광화문국밥,4.2,서울시 중구 정동 1-48,,탕 / 찌개 / 전골,만원 미만,,,
긴자바이린,4.2,서울시 종로구 사간동 93,02-734-9765,까스 요리,만원-2만원,발렛,11:30 - 20:30,
블루룸,4.2,서울시 종로구 명륜4가 66-3,070-4045-1496,카페 / 디저트,만원 미만,주차공간없음,12:00 - 24:00,
계림,4.2,서울시 종로구 종로3가 167,02-2263-6658,닭 / 오리 요리,만원-2만원,주차공간없음,11:30 - 21:50,일
두오모,4.2,서울시 종로구 효자동 40-2,02-730-0902,이탈리안,2만원-3만원,무료주차 가능,12:00 - 21:30,일
차마시는뜰,4.2,서울시 종로구 삼청동 35-169,02-722-7006,카페 / 디저트,만원 미만,주차공간없음,월-금: 10:00 - 21:00 토-일: 10:00 - 21:30,
누하동 주스바,4.2,서울시 종로구 누하동 45-2,070-8118-0270,카페 / 디저트,만원 미만,주차공간없음,월-금: 08:30 - 20:00 토: 10:00 - 22:00,일
프렙,4.2,서울시 종로구 부암동 225-1,02-332-2334,프랑스 음식,2만원-3만원,무료주차 가능,11:30 - 23:00,월
루소랩,4.2,서울시 중구 정동 17-4,02-772-9935,카페 / 디저트,만원 미만,무료주차 가능,월-금: 08:00 - 20:00 토-일: 09:00 - 20:00,
안주마을,4.2,서울시 종로구 내자동 1-2,02-723-3529,일반 주점,만원-2만원,주차공간없음,월-토: 17:00 - 01:50,일
기러기둥지,4.2,서울시 종로구 돈의동 33,02-3673-0070,세계음식 기타,만원-2만원,주차공간없음,일-목: 17:00 - 01:00 금-토: 17:00 - 03:00,
공푸,4.2,서울시 성북구 삼선동5가 299-10,070-7566-4683,정통 중식 / 일반 중식,만원 미만,주차공간없음,11:30 - 21:00,일
구스타파스,4.2,서울시 종로구 명륜2가 21-26,,세계음식 기타,만원-2만원,주차공간없음,17:00 - 03:00,월
오죽이네,4.2,서울시 종로구 익선동 160-3,02-741-8874,기타 한식,만원-2만원,주차공간없음,12:00 - 23:00,일
마산해물아구찜,4.2,서울시 종로구 낙원동 45-3,02-763-7494,해산물 요리,2만원-3만원,주차공간없음,11:00 - 24:00,
옥천왕족발,4.2,서울시 종로구 창신동 142-27,02-3672-7168,고기 요리,만원-2만원,주차공간없음,10:00 - 24:00,
효자동목고기,4.2,서울시 종로구 관수동 3-2,02-737-7989,고기 요리,2만원-3만원,,17:00 - 23:00,일
광화문오향족발,4.2,서울시 종로구 당주동 5,02-725-6887,고기 요리,만원-2만원,유료주차 가능,11:30 - 21:30,"토, 일"
텍스트커피,4.2,서울시 종로구 원서동 75,070-7760-0121,카페 / 디저트,만원 미만,주차공간없음,11:00 - 19:00,"월, 일"
성북동집,4.2,서울시 성북구 성북동 237-1,02-747-6234,국수 / 면 요리,만원 미만,,,
질할브로스,4.2,서울시 종로구 청진동 246,02-2251-8122,세계음식 기타,만원 미만,유료주차 가능,11:00 - 22:00,
대성골뱅이치킨,4.2,서울시 중구 무교동 10-2,02-777-0635,닭 / 오리 요리,만원-2만원,유료주차 가능,14:30 - 02:00,
손오공 마라탕,4.2,서울시 중구 태평로1가 72-2,02-737-5958,기타 중식,만원-2만원,,,
탕화쿵푸,4.2,서울시 종로구 신문로1가 163,02-720-6638,정통 중식 / 일반 중식,만원 미만,유료주차 가능,11:00 - 21:00,
명륜포차,4.2,서울시 종로구 명륜4가 18-5,,전통 주점 / 포차,만원-2만원,,17:00 - 03:00,
센꼬치,4.2,서울시 종로구 명륜2가 8-27,02-742-1101,이자카야 / 오뎅 / 꼬치,2만원-3만원,주차공간없음,17:00 - 04:00,
디쉬룸,4.1,서울시 중구 태평로1가 84,02-776-0010,스테이크 / 바베큐,4만원 이상,유료주차 가능,월-토: 11:00 - 22:00 일: 11:00 - 21:00,
자하손만두,4.1,서울시 종로구 부암동 245-2,02-379-2648,한정식 / 백반 / 정통 한식,만원-2만원,발렛,11:00 - 21:30,
커피스트,4.1,서울시 종로구 신문로2가 1-335,02-725-5557,카페 / 디저트,만원 미만,주차공간없음,화-토: 11:00 - 21:00 일: 12:00 - 18:00,월
통인스윗,4.1,서울시 종로구 통인동 73,02-6085-3777,카페 / 디저트,만원 미만,주차공간없음,11:00 - 21:00,월
핏제리아오,4.1,서울시 종로구 동숭동 31-19,02-3673-5005,이탈리안,만원-2만원,유료주차 가능,11:30 - 23:00,
테라로사,4.1,서울시 종로구 중학동 19,,카페 / 디저트,만원 미만,유료주차 가능 2시간 무료,월-금: 07:30 - 22:00 토-일: 08:00 - 20:00,
키친랩,4.1,서울시 종로구 동숭동 1-63,02-766-0554,이탈리안,만원-2만원,주차공간없음,11:00 - 22:00,
안국 153,4.1,서울시 종로구 안국동 153,02-733-1530,베이커리,만원 미만,주차공간없음,08:00 - 20:00,
기와탭룸,4.1,서울시 종로구 소격동 158-4,02-733-1825,치킨 / 호프 / 펍,만원-2만원,주차공간없음,월-금: 14:00 - 00:30 토-일: 11:00 - 00:30,
순희네빈대떡,4.1,서울시 종로구 종로5가 138-9,02-2268-3344,한정식 / 백반 / 정통 한식,만원 미만,주차공간없음,09:00 - 22:00,
플로이,4.1,서울시 종로구 필운동 90-1,02-725-2900,이탈리안,2만원-3만원,발렛,11:30 - 23:00,
미라보쇼콜라,4.1,서울시 종로구 체부동 88-2,02-720-8652,카페 / 디저트,만원 미만,주차공간없음,11:00 - 22:00,
프리모바치오바치,4.1,서울시 종로구 동숭동 1-60,02-742-0022,이탈리안,만원-2만원,주차공간없음,11:00 - 22:00,
이태리총각,4.1,서울시 종로구 익선동 166-50,02-6014-8893,이탈리안,만원-2만원,유료주차 가능,화-금: 11:30 - 22:00 토-일: 12:00 - 22:00,월
청진옥,4.1,서울시 종로구 청진동 183-1,02-737-1690,탕 / 찌개 / 전골,만원-2만원,,00:00 - 24:00,
계열사,4.1,서울시 종로구 부암동 258-3,02-391-3566,닭 / 오리 요리,만원-2만원,주차공간없음,12:00 - 23:30,월
건강한빵,4.1,서울시 종로구 명륜3가 148-1,02-6494-0049,베이커리,만원 미만,무료주차 가능,08:10 - 22:30,일
석파랑,4.1,서울시 종로구 홍지동 125,02-395-2500,한정식 / 백반 / 정통 한식,4만원 이상,무료주차 가능,12:00 - 22:00,
크래프트루,4.1,서울시 종로구 익선동 166-57,010-2989-3717,치킨 / 호프 / 펍,만원 미만,주차공간없음,월-금: 17:00 - 24:00 토-일: 12:00 - 24:00,
버거뱅,4.1,서울시 종로구 원서동 156,02-765-5213,브런치 / 버거 / 샌드위치,만원 미만,주차공간없음,11:00 - 21:00,일
리장수,4.1,서울시 종로구 익선동 166-83,010-4079-2132,칵테일 / 와인,만원 미만,주차공간없음,월-목: 17:00 - 01:00 금-토: 17:00 - 02:00 일: 17:00 - 24:00,
부빙,4.1,서울시 종로구 부암동 254-2,02-394-8288,카페 / 디저트,만원 미만,주차공간없음,13:00 - 22:00,월
도도야,4.1,서울시 종로구 동숭동 1-153,02-741-5959,정통 일식 / 일반 일식,만원-2만원,주차공간없음,11:30 - 21:30,일
박순례 손말이고기 산정집,4.1,서울시 종로구 당주동 3-2,02-310-9636,고기 요리,만원-2만원,주차공간없음,12:00 - 22:00,일
광화문뚝감,4.1,서울시 종로구 당주동 128-14,02-722-5894,탕 / 찌개 / 전골,만원-2만원,유료주차 가능,00:00 - 24:00,
화목순대국전문,4.1,서울시 종로구 당주동 40,02-723-8313,탕 / 찌개 / 전골,만원 미만,주차공간없음,00:00 - 24:00,
후니도니,4.1,서울시 종로구 종로1가 24,02-722-5402,기타 한식,만원 미만,유료주차 가능 2시간 무료,11:00 - 20:30,일
어쨌거나 1mm,4.1,서울시 종로구 부암동 269-8,02-395-3334,카페 / 디저트,만원 미만,유료주차 가능,월-금: 12:00 - 22:00 토-일: 12:00 - 23:00,
봉화묵집,4.1,서울시 성북구 정릉동 488-1,02-918-1668,기타 한식,,,,
소친친,4.1,서울시 종로구 명륜4가 62,02-742-8594,다국적 아시아 음식,만원-2만원,주차공간없음,11:30 - 23:00,일
히카리우동,4.1,서울시 종로구 통인동 159,010-2445-7017,라멘 / 소바 / 우동,만원 미만,,11:30 - 21:00,일
두루,4.1,서울시 종로구 청진동 70,02-2158-7918,국수 / 면 요리,만원 미만,,11:00 - 22:00,
개뿔,4.1,서울시 종로구 이화동 9-443,02-517-2525,카페 / 디저트,만원 미만,주차공간없음,월-금: 11:00 - 22:00 토-일: 11:00 - 23:00,
한라담,4.1,서울시 중구 무교동 45,02-318-4400,고기 요리,만원-2만원,유료주차 가능,10:30 - 22:00,
서촌음료연구소,4.1,서울시 종로구 누하동 83-3,02-722-9780,카페 / 디저트,만원 미만,주차공간없음,화-수: 11:00 - 19:00 목-월: 11:00 - 22:00,
경북집,4.1,서울시 종로구 관수동 4-3,02-2275-8177,한정식 / 백반 / 정통 한식,만원-2만원,유료주차 가능,11:30 - 02:00,
뭉치바위,4.1,서울시 종로구 원서동 141,02-745-2289,한정식 / 백반 / 정통 한식,만원-2만원,주차공간없음,11:30 - 21:30,일
모던김밥,4.1,서울시 종로구 적선동 97,02-739-4930,기타 한식,만원 미만,주차공간없음,월-금: 08:00 - 20:00 토-일: 08:00 - 19:00,
사까나야,4.1,서울시 종로구 명륜4가 187,02-766-4485,회 / 스시,만원-2만원,,11:30 - 22:00,
비어오크,4.1,서울시 종로구 혜화동 141,02-745-0087,스테이크 / 바베큐,만원-2만원,유료주차 가능,16:30 - 01:30,
신성,4.1,서울시 종로구 서린동 128-1,02-733-6671,회 / 스시,2만원-3만원,유료주차 가능,11:00 - 22:00,일
빌즈 광화문,4,서울시 종로구 청진동 246,02-2251-8404,브런치 / 버거 / 샌드위치,2만원-3만원,유료주차 가능,08:00 - 22:00,
프릳츠커피컴퍼니,4,서울시 종로구 원서동 219,02-747-8101,카페 / 디저트,만원 미만,유료주차 가능,10:00 - 21:00,
파워플랜트,4,서울시 종로구 청진동 246,02-2251-8383,치킨 / 호프 / 펍,만원-2만원,유료주차 가능,11:00 - 23:00,
소년서커스,4,서울시 종로구 청진동 246,02-2251-8401,이탈리안,2만원-3만원,유료주차 가능 2시간 무료,월-금: 11:30 - 23:00 토-일: 13:00 - 23:00,
서울커피,4,서울시 종로구 익선동 166-31,,카페 / 디저트,만원 미만,주차공간없음,12:00 - 22:30,
르블란서,4,서울시 종로구 돈의동 26,02-766-9951,프랑스 음식,2만원-3만원,,,
화양연화,4,서울시 종로구 계동 78-2,070-4196-2046,태국 음식,만원-2만원,주차공간없음,월-토: 11:30 - 21:00 일: 11:30 - 20:00,
도밍고팩토리,4,서울시 종로구 명륜2가 216-4,070-7644-5552,카페 / 디저트,만원 미만,유료주차 가능,월-금: 11:00 - 22:00 토-일: 12:00 - 22:00,
삼청동수제비,4,서울시 종로구 삼청동 99,02-735-2965,국수 / 면 요리,만원-2만원,발렛,11:00 - 21:00,
살라댕방콕,4,서울시 종로구 익선동 166-16,02-764-8215,태국 음식,만원-2만원,,12:00 - 22:00,
청키면가,4,서울시 중구 다동 58-1,02-538-3913,정통 중식 / 일반 중식,만원-2만원,유료주차 가능,11:30 - 22:00,
정선할매곤드레밥,4,서울시 종로구 관훈동 29-13,02-735-2356,한정식 / 백반 / 정통 한식,만원-2만원,주차공간없음,11:00 - 21:00,
반쥴,4,서울시 종로구 관철동 12-16,02-735-5437,카페 / 디저트,만원 미만,유료주차 가능,월-토: 10:00 - 22:30 일: 11:00 - 22:00,
서촌양과자점 레,4,서울시 종로구 통인동 118-10,02-739-8868,베이커리,만원 미만,주차공간없음,월-금: 08:30 - 19:00 토-일: 11:00 - 19:00,
미진,4,서울시 종로구 종로1가 24,02-730-6198,국수 / 면 요리,만원 미만,무료주차 가능,11:00 - 22:00,
부탄츄,4,서울시 종로구 명륜4가 129,02-766-6604,라멘 / 소바 / 우동,만원 미만,주차공간없음,11:00 - 22:00,
반타이,4,서울시 종로구 재동 94-1,02-747-6655,태국 음식,만원-2만원,주차공간없음,화-토: 11:30 - 22:00 일: 11:30 - 21:00,월
광화문 몽로,4,서울시 중구 태평로1가 61-21,02-722-8767,닭 / 오리 요리,만원 미만,주차공간없음,월-금: 11:30 - 01:00 토: 17:30 - 01:00,일
교남김밥,4,서울시 종로구 평동 43,02-723-2200,기타 한식,만원 미만,,,
가스트로통,4,서울시 종로구 통의동 25-2,02-730-4162,세계음식 기타,4만원 이상,유료주차 가능,12:00 - 22:00,
발우공양,4,서울시 종로구 견지동 71,02-733-2081,한정식 / 백반 / 정통 한식,3만원-4만원,유료주차 가능,11:30 - 21:30,일
청진식당,4,서울시 종로구 인사동 93,02-732-8038,해산물 요리,만원 미만,주차공간없음,11:30 - 21:30,일
컨펙션스바이포시즌스,4,서울시 종로구 당주동 29,02-6388-5520,베이커리,만원-2만원,무료주차 가능,08:00 - 20:00,
에그드랍,4,서울시 종로구 화동 83-2,070-4257-7747,브런치 / 버거 / 샌드위치,만원 미만,주차공간없음,11:00 - 21:00,
더피아노,4,서울시 종로구 평창동 444-1,02-395-2480,카페 / 디저트,만원-2만원,무료주차 가능,11:00 - 22:00,
조금,4,서울시 종로구 관훈동 118-36,02-725-8400,한정식 / 백반 / 정통 한식,만원-2만원,주차공간없음,11:00 - 22:00,
혜화칼국수,4,서울시 종로구 혜화동 84-3,02-743-8212,국수 / 면 요리,만원 미만,주차공간없음,11:30 - 22:00,
후스테이블,4,서울시 종로구 계동 140-4,02-742-5061,이탈리안,만원-2만원,주차공간없음,11:30 - 22:00,
몽중헌,4,서울시 종로구 화동 116,02-730-2051,정통 중식 / 일반 중식,2만원-3만원,발렛,월-금: 11:30 - 22:00 토-일: 11:30 - 21:30,
창신동매운족발,4,서울시 종로구 창신동 581-5,02-3675-9689,고기 요리,만원-2만원,주차공간없음,10:30 - 24:00,"첫째, 셋째 월, 둘째, 넷째 일"
준수방키친,4,서울시 종로구 통인동 122,02-725-0691,이탈리안,만원-2만원,주차공간없음,화-토: 11:30 - 21:30 일: 11:30 - 17:30,월
베어카페,4,서울시 종로구 효자동 62,070-7775-6743,카페 / 디저트,만원 미만,주차공간없음,12:00 - 19:00,
하이제씨,4,서울시 종로구 동숭동 129-164,02-745-2468,카페 / 디저트,만원 미만,주차공간없음,화-금: 12:00 - 21:00 토-일: 13:00 - 21:00,월
형제육회,4,서울시 종로구 종로4가 181-1,02-2274-6509,고기 요리,만원-2만원,주차공간없음,07:00 - 22:50,수
Mauve,4,서울시 종로구 필운동 293,02-720-0077,카페 / 디저트,만원 미만,유료주차 가능,월-토: 10:30 - 21:00 일: 10:30 - 18:30,
물랑,4,서울시 종로구 창성동 87-1,070-4404-7978,프랑스 음식,4만원 이상,주차공간없음,12:00 - 22:00,일
길버트버거앤프라이즈,4,서울시 종로구 청진동 246,02-2251-8333,브런치 / 버거 / 샌드위치,만원-2만원,유료주차 가능,월-토: 11:00 - 23:00 일: 11:00 - 22:00,
국시집,4,서울시 성북구 성북동1가 9,02-762-1924,국수 / 면 요리,만원 미만,주차공간없음,12:00 - 20:30,
디마떼오,4,서울시 종로구 동숭동 1-141,02-747-4444,이탈리안,2만원-3만원,무료주차 가능,11:30 - 22:00,월
부리따,4,서울시 종로구 청진동 2-4,02-720-8222,남미 음식,만원 미만,주차공간없음,17:00 - 01:00,"토, 일"
코레아노스키친,4,서울시 종로구 청진동 246,02-2251-8383,남미 음식,만원-2만원,유료주차 가능,11:00 - 23:00,
다만프레르,4,서울시 중구 태평로1가 84,02-6730-1323,카페 / 디저트,만원 미만,유료주차 가능,월-금: 08:00 - 22:00 토-일: 12:00 - 21:30,
수도원,4,서울시 종로구 동숭동 50-11,02-747-1933,칵테일 / 와인,만원-2만원,유료주차 가능,18:00 - 03:00,
일상,4,서울시 성북구 성북동 100-1,02-762-3114,카페 / 디저트,만원 미만,무료주차 가능,화-일: 12:00 - 21:00,월
신선식탁,4,서울시 종로구 연건동 197-6,02-742-6933,기타 양식,만원 미만,주차공간없음,월-금: 07:30 - 20:00 일:10:00 - 19:00,토
산채향,4,서울시 종로구 신문로2가 1-209,02-733-1199,한정식 / 백반 / 정통 한식,만원-2만원,유료주차 가능,10:30 - 21:30,
누룩나무,4,서울시 종로구 관훈동 118-19,02-722-3398,전통 주점 / 포차,만원-2만원,주차공간없음,17:00 - 01:30,일
옴,4,서울시 종로구 신문로1가 2,02-723-4848,인도 음식,만원-2만원,주차공간없음,11:00 - 22:00,
코블러,4,서울시 종로구 내자동 157,02-733-6421,칵테일 / 와인,만원-2만원,유료주차 가능,19:00 - 03:00,일
클류치,4,서울시 종로구 명륜3가 79-1,010-2702-1496,카페 / 디저트,만원 미만,주차공간없음,월-토: 10:00 - 23:00 일: 11:00 - 20:00,
도토리,4,서울시 종로구 안국동 24-1,02-6405-8153,기타 한식,만원 미만,유료주차 가능,월-금: 10:30 - 21:00 토-일: 10:30 - 22:00,
