Album Title,Artist Name,Genre,Date,Distribution,Rating,Music Count
거기가 어딘데?? OST,Various Artists,O.S.T,2018.09.01,워너뮤직코리아,6.4,8
얍,갈릭스(Garlixx),"인디뮤직,  락",2018.09.01,(주)미러볼뮤직,3.8,2
너와 나,파란 ,발라드,2018.09.01,(주)지니뮤직,7.7,2
PRODUCE 48 - FINAL,PRODUCE 48,댄스,2018.09.01,Stone Music Entertainment,7,4
Weather : 오늘 당신의 날씨는 어떤가요? Part 4,이진아,재즈,2018.09.01,(주)지니뮤직,6.7,1
해도 돼 (28.911),정바스(J.BASS),"알앤비/어반,  인디뮤직",2018.09.01,포크라노스,4,1
Koong! Pop!,정진운,락,2018.09.02,로엔엔터테인먼트,6.4,3
눈물로 하는 말,라운드어바웃(RoundAbout),발라드,2018.09.02,(주)지니뮤직,6.3,2
AboutU 4th Single,AboutU(어바우츄),락,2018.09.02,(주)지니뮤직,3.3,1
데려가 (feat. nafla),블루(BLOO),랩/힙합,2018.09.02,(주)엔에이치엔벅스,5.8,1
고양이,크리틱 24 7(KRTK 24 7),인디뮤직,2018.09.01,(주)오감엔터테인먼트,5.6,1
카페인 (Under Caffeine),스텔라장(Stella Jang),알앤비/어반,2018.09.01,로엔엔터테인먼트,7,2
tvN 300 x NC 피버뮤직 - EP1,Various Artists,"랩/힙합,  락",2018.09.01,Stone Music Entertainment,5,2
너와 본 영화는 다 기억나,더필름(The Film),"발라드,  인디뮤직",2018.09.01,워너뮤직코리아,7.6,2
보이스2 (OCN 토일드라마) OST - Part 2,블랙나인 (BLACK NINE),드라마음악,2018.09.01,(주)엔에이치엔벅스,9,2
동행 (同行),김용진,발라드,2018.09.02,Stone Music Entertainment,7.5,3
끝까지 사랑 OST Part 10,란(RAN),드라마음악,2018.09.02,(주)다날엔터테인먼트,6.6,2
어느 날 (Someday),밴드민하,"인디뮤직,  락",2018.09.02,(주)오감엔터테인먼트,7.1,2
부잣집 아들 OST Part 12,임상현,드라마음악,2018.09.02,(주)지니뮤직,8.8,2
Blank,ANDN,"인디뮤직,  락",2018.09.02,포크라노스,8.3,1
[Sep] Time Cafe,피아노을(Piano:el),뉴에이지,2018.09.02,워너뮤직코리아,4.2,30
이타카로 가는 길 Part 8,윤도현,락,2018.09.02,Stone Music Entertainment,6,1
Falling,Nana Mellie(나나멜리),알앤비/어반,2018.09.02,로엔엔터테인먼트,5.4,2
하늘엔 별이 떠있고 너만큼은 빛나질 않아,이민혁,"발라드,  인디뮤직",2018.09.03,워너뮤직코리아,8.6,1
역병,스톤엑스,락,2018.09.03,(주)뮤즈플랫폼,1,1
2018 월간 윤종신 9월호,윤종신,발라드,2018.09.03,(주)아이리버,8.3,1
원츄,캔(Can),"락,  댄스",2018.09.03,(주)뮤직앤뉴,5,3
복수노트2 OST Part.2,필독,드라마음악,2018.09.03,(주)블렌딩,7.8,1
Second Write..,남우현,발라드,2018.09.03,로엔엔터테인먼트,9.7,7
Sunshine,백퍼센트(100%),댄스,2018.09.03,로엔엔터테인먼트,8.2,7
미스터 션샤인 OST Part 11,백지영,드라마음악,2018.09.02,Stone Music Entertainment,9,1
GANG MOVE,Chillin Homie,랩/힙합,2018.09.02,Stone Music Entertainment,6,1
기타맨,권우유(KwonMilk),"인디뮤직,  포크",2018.09.02,(주)미러볼뮤직,7.4,1
We Go Up - The 2nd Mini Album,NCT DREAM,랩/힙합,2018.09.03,(주)아이리버,9,6
Candle,택우,"인디뮤직,  포크",2018.09.03,포크라노스,7.8,1
그대가 걸어오네요,정소율,"발라드,  인디뮤직",2018.09.03,워너뮤직코리아,7.1,2
그래픽,코타 (COTA),알앤비/어반,2018.09.03,(주)지니뮤직,3.3,2
사생결단로맨스 OST Part 8,한희정,드라마음악,2018.09.03,로엔엔터테인먼트,8.3,2
별자리와 혈액형 사이5,인스타(INStar),"포크,  인디뮤직",2018.09.03,(주)티에스앤엔터테인먼트,0,1
Ooh Babe,Alisha(알리샤),알앤비/어반,2018.09.03,(주)루미넌트엔터테인먼트,4.7,1
Build Young,OWLER(아울러),랩/힙합,2018.09.03,아토엔터테인먼트,7.5,1
Be Lost In Memory,리자스터(LeeJassTer),랩/힙합,2018.09.03,(주)디지탈레코드,0,1
"해지고, 또 헤진다.",손한묵,발라드,2018.09.03,(주)필뮤직,5,2
Different Time,치봉,알앤비/어반,2018.09.03,(주)오감엔터테인먼트,5.6,1
같이 놀자,브랜뉴걸(Brand New Girl),댄스,2018.09.03,(주)오감엔터테인먼트,0,1
What Did You See?,에이건누(Agunu),랩/힙합,2018.09.03,(주)엔에이치엔벅스,4.5,7
오랜만이야,모링가(MORINGA),발라드,2018.09.03,(주)루미넌트엔터테인먼트,5,1
DAY OFF,Planet Black,랩/힙합,2018.09.03,Stone Music Entertainment,4.4,1
Budapest,Tigger & Giovani,"일렉트로니카,  하우스",2018.09.03,(주)필뮤직,7,1
I Always,김제훈,알앤비/어반,2018.09.03,(주)다날엔터테인먼트,4,2
라이프 OST Part 5,주완(ZUWAN),드라마음악,2018.09.03,(주)지니뮤직,7.3,1
우리에,오영,인디뮤직,2018.09.03,(주)지니뮤직,6.7,1
3rd Album 'Self Love',스쿠터 다이어리(Scooter Diary),"인디뮤직,  포크",2018.09.03,먼데이브런치,4,12
YEAH,애쉬그레이(AshGray),락,2018.09.03,(주)소리바다,4.8,2
Perfect Experience,Jay Kim(제이킴),컨템포러리 재즈,2018.09.03,Stone Music Entertainment,9.2,9
SHOW,Benny,랩/힙합,2018.09.03,(주)코부코,0,1
흔들흔들,헨(Hen),발라드,2018.09.03,(주)광수미디어,5,2
테이크 오프 (TAKE OFF),블랑세븐(BLANC7),댄스,2018.09.03,(주)엘리야엔터테인먼트,8.7,3
Cinema,생선이 하품하네,락,2018.09.03,(주)티에스앤엔터테인먼트,5,3
Vital Sign,The Colored Paper,"랩/힙합,  인디뮤직",2018.09.03,(주)미러볼뮤직,5.4,1
내가 찾던 사람,블루베리머치,"인디뮤직,  락,  랩/힙합",2018.09.03,(주)필뮤직,6.7,2
THINK ABOUT YOU.,Hoon.J,알앤비/어반,2018.09.04,(주)루미넌트엔터테인먼트,4,2
Wedding Day,담소네공방,"인디뮤직,  포크",2018.09.04,(주)미러볼뮤직,6.9,2
So.,돼지,락,2018.09.04,(주)뮤즈플랫폼,0,1
푸르던,비스윗(Besweet),인디뮤직,2018.09.04,(주)엔에이치엔벅스,6.9,5
식샤를 합시다3: 비긴즈 OST,Various Artists,드라마음악,2018.09.04,Stone Music Entertainment,8.7,55
흔적,PUP(펍),랩/힙합,2018.09.04,(주)다날엔터테인먼트,5.3,6
Melt,율(Yule),"발라드,  인디뮤직",2018.09.04,(주)코부코,6.7,1
별이 강물처럼 흐르네,Pivo Project,발라드,2018.09.04,(주)지니뮤직,8.3,2
서른이지만 열일곱입니다 OST Part 5,봉구,드라마음악,2018.09.04,로엔엔터테인먼트,7,2
U ME US,키튼걸스 (Kitten Girls),댄스,2018.09.04,(주)지니뮤직,5.1,5
Made by You,비버(Beaver),일렉트로니카,2018.09.04,퍼플파인엔터테인먼트,5.6,2
검은 밤,검은 밤,"인디뮤직,  락",2018.09.04,먼데이브런치,8,12
Touch,소리,댄스,2018.09.04,소니뮤직,8.2,2
Hikicomori,WEN,인디뮤직,2018.09.04,Stone Music Entertainment,7,1
‘ SLAM DUNK ’,김슬범,락,2018.09.04,민사운드스토리엔터테인먼트,1,2
손잡아 줄게요,Swan,팝락,2018.09.04,히트뱅크엔터테인먼트,7.2,2
JIN DAL RAE 1ST MINI ALBUM 'ARIARI',진달래,"트로트,  어덜트 컨템포러리",2018.09.04,(사)한국음반산업협회,8,8
달콤해 (Sweet Smelling Girl),옆집오빠,"알앤비/어반,  댄스",2018.09.04,(주)오감엔터테인먼트,8.3,1
별,남태현,일렉트로니카,2018.09.04,(주)지니뮤직,5.7,1
jiminxjamie,박지민,"알앤비/어반,  발라드",2018.09.04,(주)아이리버,7.9,5
Skadoosh Pt.1,Juro the Whitecanvas(주로 더 화이트캔버스),랩/힙합,2018.09.04,(주)뮤직앤뉴,5,5
take off (테이크 오프),멋진녀석들(GreatGuys),댄스,2018.09.04,(주)소리바다,9.2,9
왜 이제서야,소래(Sorae),"발라드,  인디뮤직",2018.09.04,워너뮤직코리아,7.5,10
WARNING,선미,댄스,2018.09.04,로엔엔터테인먼트,6.8,7
러블리 호러블리 OST Part 3,범키,드라마음악,2018.09.04,로엔엔터테인먼트,7.8,2
Paradise 0.3,주로(JURO) ,"인디뮤직,  락",2018.09.04,비스킷 사운드,8,3
I'm Alright,웅산,재즈,2018.09.05,유니버설뮤직,8.4,11
May,위니(WiNee),인디뮤직,2018.09.05,(주)엔에이치엔벅스,3.8,2
내일도 맑음 OST Part 19,비비안,드라마음악,2018.09.05,(주)다날엔터테인먼트,8.7,2
소년 1집 part 1,소년,"인디뮤직,  락",2018.09.04,포크라노스,7.8,2
BOY,창모(CHANGMO),랩/힙합,2018.09.04,Stone Music Entertainment,6.2,2
Ballin,A-TEN(에이텐),랩/힙합,2018.09.04,(주)뮤즈플랫폼,0,2
너 없이 어떡하니,마끼아또,발라드,2018.09.04,(주)티에스앤엔터테인먼트,5.5,2
네가 있어,KELO,발라드,2018.09.04,(주)광수미디어,7,1
#Changedup,Fazymove,댄스,2018.09.04,아토엔터테인먼트,2.5,1
PERSPECTIVE,하키(HAKI),알앤비/어반,2018.09.04,워너뮤직코리아,5,7
Butterfly,디알비(DRB),알앤비/어반,2018.09.05,(주)루미넌트엔터테인먼트,0,2
시간의 색,오곤,인디뮤직,2018.09.05,포크라노스,6.9,1
다시 그리길,회기동사람들,포크,2018.09.05,(주)소리바다,5,1
너,THAMA,알앤비/어반,2018.09.05,Stone Music Entertainment,6.5,2
Divin',Wavy,"랩/힙합,  알앤비/어반",2018.09.05,(주)오감엔터테인먼트,6,1
THE BOYZ 1st Single Album [THE SPHERE],더보이즈(THE BOYZ),댄스,2018.09.05,로엔엔터테인먼트,6.7,3
여친얼굴,MC 한새,랩/힙합,2018.09.05,(주)루미넌트엔터테인먼트,0.3,1
사랑은,Swai (스와이),발라드,2018.09.05,(주)지니뮤직,3.3,1
몰랐니 - The 1st Single Album,소녀시대-Oh!GG,"댄스,  발라드",2018.09.05,(주)아이리버,7.2,4
끌Lim,글란즈이디(Glanz2d),댄스,2018.09.05,아토엔터테인먼트,0,1
자전거 산책,조규찬,락,2018.09.05,(주)지니뮤직,7.3,1
왕자님 (Prince),여주인공(YJIG),댄스,2018.09.05,(주)위프엔터테인먼트,5.3,2
항해,허클베리핀(Huckleberry Finn),"인디뮤직,  락",2018.09.05,(주)미러볼뮤직,5.4,1
밤의 공원(THE PARK IN THE NIGHT) part one,공원소녀(GWSN),댄스,2018.09.05,로엔엔터테인먼트,7.4,6
Oars,챈스(Chance),인디뮤직,2018.09.05,포크라노스,4.8,1
Shot,릴러말즈(Leellamarz),랩/힙합,2018.09.05,Stone Music Entertainment,6.5,1
친애하는 판사님께 OST Part 5,레이나,드라마음악,2018.09.05,(주)블렌딩,7.5,2
오늘의 탐정 OST Part 1,박나래(스피카),드라마음악,2018.09.05,Stone Music Entertainment,8.4,2
그러게,데이봄,"인디뮤직,  포크",2018.09.05,(주)티에스앤엔터테인먼트,5.8,2
"여름의 끝, 가을편지",좋아서하는밴드,"인디뮤직,  포크",2018.09.05,비스킷 사운드,7.7,2
못하면 어때,재주소년,"인디뮤직,  알앤비/어반",2018.09.05,(주)필뮤직,7.8,2
와빠,시라소니,랩/힙합,2018.09.05,민사운드스토리엔터테인먼트,2.5,2
D-Day,마이온,"인디뮤직,  포크",2018.09.05,(주)뮤직앤뉴,0,1
Wake Me Up,일레인,인디뮤직,2018.09.05,(주)지니뮤직,4.8,1
남산,멜로디그라피(Melody Graphy),"알앤비/어반,  인디뮤직",2018.09.05,퍼플파인엔터테인먼트,0,2
TRAVEL: NOAH,HAON(김하온),랩/힙합,2018.09.05,Stone Music Entertainment,8.6,7
새벽,케빈킴,"발라드,  인디뮤직",2018.09.05,(주)코부코,9,3
Powder,스킬레토(Skilleto),랩/힙합,2018.09.05,(주)루미넌트엔터테인먼트,3.7,1
시간 OST Part 5,빌리어코스티(Bily Acoustie),드라마음악,2018.09.06,(주)블렌딩,5,2
사랑이 아니라고,The Bridge (더 브릿지),발라드,2018.09.06,(주)지니뮤직,0,1
Venus,블랙라인(Blackline),일렉트로니카,2018.09.06,워너뮤직코리아,4.5,1
REAL LIVE NANJANG Vol.8 (난장 라이브),W24,"인디뮤직,  락",2018.09.06,(주)코부코,4,2
숨,퍼플제이(Purple J),발라드,2018.09.06,(사)한국음반산업협회,7,3
Mars,네바다51,"일렉트로니카,  인디뮤직",2018.09.05,(주)미러볼뮤직,5,2
항해에서의 한 철 (A season of voyage),Sophy & Philos(소피&필로스),"인디뮤직,  포크",2018.09.05,(주)뮤직앤뉴,5.5,7
내게 준 하루,문빛,"인디뮤직,  포크",2018.09.05,(주)다날엔터테인먼트,7.1,1
777,WILDWHIP,랩/힙합,2018.09.05,(주)오감엔터테인먼트,0,1
질주 The Midnight,입술을깨물다(Lips-Bite),"인디뮤직,  락",2018.09.06,(주)미러볼뮤직,5.4,1
4년,박재정,발라드,2018.09.06,로엔엔터테인먼트,6.5,1
MISS U,Ash-B (애쉬비),랩/힙합,2018.09.06,Stone Music Entertainment,6.8,1
Your BGM Vol.2,육성재,발라드,2018.09.06,로엔엔터테인먼트,7,2
Q,Bryn(브린),랩/힙합,2018.09.06,(주)다날엔터테인먼트,3.9,7
눈빛,이윤오,발라드,2018.09.06,(주)티에스앤엔터테인먼트,5,1
Daydream,amin(에이민),"알앤비/어반,  인디뮤직",2018.09.06,포크라노스,5.6,1
Plurbroz,Bangroz,일렉트로니카,2018.09.06,(주)오감엔터테인먼트,0,3
아는 와이프 OST Part 4,엔플라잉(N.Flying),드라마음악,2018.09.06,Stone Music Entertainment,8.3,2
Only You,초빈(Chobin),알앤비/어반,2018.09.06,(주)우조엔터테인먼트,5,1
Stay,고준경,"인디뮤직,  락",2018.09.06,(주)뮤직앤뉴,7.3,5
HIDE,Ban:jax(밴젝스),알앤비/어반,2018.09.06,(주)지니뮤직,3.8,1
Run Away,Jade,"알앤비/어반,  인디뮤직",2018.09.06,먼데이브런치,5,2
만나자,SG워너비,발라드,2018.09.06,Stone Music Entertainment,8.4,3
Sugar Planet,윤석철,재즈,2018.09.06,워너뮤직코리아,7.5,10
Let me,매시드 (Mashed),랩/힙합,2018.09.06,퍼플파인엔터테인먼트,0,1
CMLO,브라더건,랩/힙합,2018.09.06,(주)뮤직앤뉴,6.3,2
붕어빵,함삐(hamp2),포크,2018.09.06,(주)소리바다,1.7,2
Dear my,스펙트럼,발라드,2018.09.06,(주)지니뮤직,6.7,1
Break The Mold,블록체인,댄스,2018.09.06,빅밴드,2.5,2
Grey Town Wave,Coco Cloud(코코 클라우드),재즈,2018.09.06,비스킷 사운드,0,1
내 맘 알까?,멜로우독,포크,2018.09.06,(주)루미넌트엔터테인먼트,7.2,2
Mtick_2nd,엠틱(Mtick),랩/힙합,2018.09.06,아토엔터테인먼트,3.3,4
강변북로,JEM,발라드,2018.09.06,(주)오감엔터테인먼트,3.8,2
이게 뭐야,썬데이서울(Sunday Seoul),"락,  블루스 락,  락앤롤,  팝락",2018.09.06,(주)컬처팩토리아지트,4.2,4
WE THE ONE,팝핀현준,랩/힙합,2018.09.06,(주)엔에이치엔벅스,4.4,3
너무 아름다워서,델리톤(Delitone),인디뮤직,2018.09.06,(주)위프엔터테인먼트,4.8,2
Colors,포르테 디 콰트로,클래시컬크로스오버,2018.09.07,유니버설뮤직,8.7,6
슬퍼하지마,구원찬,알앤비/어반,2018.09.07,(주)지니뮤직,6.8,1
올댓뮤직 X 인디스땅스 2018 Vol.1 (All That Music X Indiestance 2018 Vol.1),Various Artists,"인디뮤직,  인디",2018.09.07,(주)미러볼뮤직,7.9,10
Cocaine Lullaby,BRADYSTREET,랩/힙합,2018.09.07,Stone Music Entertainment,6.1,14
SONG ONE (내 인생의 노래) - 알리 편,알리(ALi),알앤비/어반,2018.09.07,(주)인터파크,7.3,2
Maiden Flight,Hanclef(정중한),뉴에이지,2018.09.07,(주)오감엔터테인먼트,7.3,1
Free Agent,Asfa(에스파),랩/힙합,2018.09.07,아토엔터테인먼트,0,4
Perfect,NUBLACK,"랩/힙합,  인디뮤직",2018.09.07,비스킷 사운드,3.8,1
KOKI7,짱유 (JJANGYOU),랩/힙합,2018.09.07,(주)엔에이치엔벅스,6,7
미루지마,Nieah(니아),알앤비/어반,2018.09.07,Stone Music Entertainment,4.8,1
Fish Tail,밴드 곤(Band GON),재즈,2018.09.07,(주)코부코,0,1
볼이 빨개지는 기분,오시영,발라드,2018.09.07,워너뮤직코리아,5.7,2
내 눈물을 따라 걷다 보면,하비누아주,"발라드,  인디뮤직",2018.09.07,포크라노스,7,1
Pisces,재즈트립(Jazztrip),"랩/힙합,  재즈힙합",2018.09.07,(주)다날엔터테인먼트,2,2
됐어,환,"알앤비/어반,  인디뮤직",2018.09.07,(주)오감엔터테인먼트,5,1
Ice Cream Boy,윈디캣(WindyCat),"인디뮤직,  락,  댄스",2018.09.07,(주)필뮤직,6.7,2
독고 리와인드 OST,Various Artists,드라마음악,2018.09.07,(주)뮤직앤뉴,6.3,26
142857,플럭서스,뉴에이지,2018.09.07,(주)뮤즈플랫폼,0,6
너를 그리네,음악일기,발라드,2018.09.07,유니버설뮤직,5,3
Let Me Know,더 브릿지,발라드,2018.09.07,(주)티에스앤엔터테인먼트,6.3,2
너랑나랑,ShinEast(샤인이스트),"댄스,  인디뮤직",2018.09.07,퍼플파인엔터테인먼트,2.5,1
HURTS,Young Stone,랩/힙합,2018.09.07,(주)루미넌트엔터테인먼트,5,5
glow forever,The Quiett,랩/힙합,2018.09.07,Stone Music Entertainment,8.8,13
"""239726",dress,랩/힙합,2018.09.07,로엔엔터테인먼트,4.8,2
달조각,송래퍼,랩/힙합,2018.09.07,(주)엔에이치엔벅스,5.8,1
010-5625-4729,태사비애,발라드,2018.09.08,(주)오감엔터테인먼트,5.5,2
걸어가야해 (ANYMORE),PLAYUS,일렉트로니카,2018.09.08,(주)지니뮤직,4,1
우일; 열네 번째 이야기,우일,"발라드,  인디뮤직",2018.09.08,(주)미러볼뮤직,5,1
River Run,밤비(Bambi),알앤비/어반,2018.09.07,(주)엔에이치엔벅스,4.4,5
3주차,김선하,발라드,2018.09.07,(주)소리바다,5,2
Yellow Pink,립버블,댄스,2018.09.07,(사)한국음반산업협회,6.9,2
잠시만 안아보면 안 될까,제이티원(JT.One),발라드,2018.09.07,오렌지비즈컴,7.4,2
내 아이디는 강남미인 OST Part 8,A-YEON,드라마음악,2018.09.07,워너뮤직코리아,7.3,2
사랑에 아파본 적 있나요?,스탠딩 에그(Standing Egg),발라드,2018.09.07,로엔엔터테인먼트,7.4,2
FANAbyss,화나(Fana),랩/힙합,2018.09.07,(주)지니뮤직,8.6,6
뮤직드라마 “너와 마주친 찰나” OST Episode 1,마멀레이드 키친(Marmalade Kitchen),"인디뮤직,  포크",2018.09.08,(주)티에스앤엔터테인먼트,4,1
끝까지 사랑 OST Part 11,한살차이,드라마음악,2018.09.08,(주)다날엔터테인먼트,6.5,2
그녀로 말할 것 같으면 OST Part 6,임도혁,드라마음악,2018.09.08,(주)블렌딩,6.2,2
tvN 300 x NC 피버뮤직 - EP2,Various Artists,"랩/힙합,  락",2018.09.08,Stone Music Entertainment,4.6,2
보이스2 (OCN 토일드라마) OST - Part 3,YESEO(예서),드라마음악,2018.09.08,(주)엔에이치엔벅스,6.3,4
미스터 션샤인 OST Part 12,신승훈,드라마음악,2018.09.09,Stone Music Entertainment,8.8,1
Paradise,프롬올투휴먼(from all to human),알앤비/어반,2018.09.09,Stone Music Entertainment,8.6,5
쉬는 날,열두달(12DAL),"알앤비/어반,  인디뮤직",2018.09.09,(주)미러볼뮤직,6.1,1
말이 되니,프로젝트632,발라드,2018.09.09,(주)지니뮤직,4.3,2
bright #7,Various Artists,"락,  포크,  발라드,  알앤비/어반,  인디뮤직",2018.09.09,로엔엔터테인먼트,6.9,10
깨진 빛,황인경,"인디뮤직,  포크",2018.09.09,포크라노스,8,1
너일까봐,그녀,발라드,2018.09.10,(주)지니뮤직,7.5,2
제 28회 유재하 음악경연대회,Various Artists,인디뮤직,2018.09.08,Stone Music Entertainment,6,11
Shimmer,Gila,"인디뮤직,  락",2018.09.08,포크라노스,6.6,1
Where You From,twlv,알앤비/어반,2018.09.09,로엔엔터테인먼트,3.8,1
"소년, 소녀",Color Wave,인디뮤직,2018.09.09,(주)오감엔터테인먼트,7.1,9
이타카로 가는 길 Part 9,하현우(국카스텐),락,2018.09.09,Stone Music Entertainment,5.2,1
"9와 숫자들 99%, 베스트",9와 숫자들,인디뮤직,2018.09.09,소니뮤직,7.5,14
가을 : 너를 떠나보내고,듣는 편지,뉴에이지,2018.09.09,워너뮤직코리아,4.8,1
끝까지 사랑 OST Part 12,신유,드라마음악,2018.09.09,(주)다날엔터테인먼트,8.8,2
What did I do (WDID),Wooks,랩/힙합,2018.09.10,(주)루미넌트엔터테인먼트,6.3,2
Sweet Rush,퍼스(Pause),알앤비/어반,2018.09.10,(주)루미넌트엔터테인먼트,0,2
미련,임선호,발라드,2018.09.10,빅밴드,4.7,1
꽃잎,오늘의 온도,발라드,2018.09.10,(주)광수미디어,5.2,2
Machoman,!magnic!,랩/힙합,2018.09.10,(주)뮤직앤뉴,0.5,1
그 밤... 그 꿈,바이올렛클라우드,발라드,2018.09.10,아토엔터테인먼트,4.8,2
사잇말,윤원,인디뮤직,2018.09.10,(주)엔에이치엔벅스,4.7,1
그대여서,13월(13thMonth),"인디뮤직,  포크",2018.09.10,유니버설뮤직,4.1,2
KozyTape pt.7,레밀(Lemil),랩/힙합,2018.09.10,(주)루미넌트엔터테인먼트,0,7
OH MY GIRL 6th Mini Album [REMEMBER ME],오마이걸(OH MY GIRL),댄스,2018.09.10,로엔엔터테인먼트,7.6,5
Everyday,더 데이지,발라드,2018.09.10,(주)티에스앤엔터테인먼트,2.2,2
‘The Story of Light’ Epilogue - The 6th Album,SHINee (샤이니),"일렉트로니카,  댄스,  알앤비/어반,  발라드",2018.09.10,(주)아이리버,9.1,16
I Don’t Love You,더블랑(THE BLANC),"인디뮤직,  락",2018.09.10,포크라노스,4.8,2
Beautiful Feeling,DAY6(데이식스),락,2018.09.10,(주)아이리버,8.9,1
Therapeutic,엠토(EMTO),랩/힙합,2018.09.10,(주)뮤즈플랫폼,0,4
깨닫게 돼,Phaze,"인디뮤직,  락",2018.09.10,(주)필뮤직,4,3
입으로…(Your lips),두부(DooBoo),"알앤비/어반,  랩/힙합",2018.09.10,(주)뮤직앤뉴,3,2
Shake It Tonight,업댓브라운(UpThatBrown),"인디뮤직,  댄스,  훵크",2018.09.10,(주)미러볼뮤직,8,9
비상연락음,IndEgo Aid,랩/힙합,2018.09.10,(주)루미넌트엔터테인먼트,0,1
Baby I,마호가니 킹(Mahogany King),"알앤비/어반,  인디뮤직",2018.09.10,(주)미러볼뮤직,3.3,1
나는 괜찮아,레트로펑키,"알앤비/어반,  인디뮤직",2018.09.10,(주)다날엔터테인먼트,7.3,1
어서가자 어서와,고영열,영화음악,2018.09.10,(주)뮤즈플랫폼,5,1
어울려,플루토(PLUTO),랩/힙합,2018.09.10,(주)소리바다,1.8,2
잠이 오지 않는 새벽,김사과(Sa Gwa),"발라드,  인디뮤직",2018.09.10,워너뮤직코리아,5,2
Muse on Music,러블리즈,"가요,  댄스",2018.09.10,로엔엔터테인먼트,9.3,33
편지 (사본),김거지,"인디뮤직,  포크",2018.09.10,먼데이브런치,5.5,1
나에게 찾아온 가을,새벽의 달,뉴에이지,2018.09.10,(주)오감엔터테인먼트,0,14
LOVE YOU,남윤,알앤비/어반,2018.09.11,(주)아이리버,5,1
미끄럼틀 (feat. SUMIN),술탄 오브 더 디스코,"알앤비/어반,  인디뮤직",2018.09.11,포크라노스,7.7,1
서른이지만 열일곱입니다 OST Part 6,미교,드라마음악,2018.09.11,로엔엔터테인먼트,6.7,2
새어나와,아프론(Afron),"알앤비/어반,  인디뮤직",2018.09.11,유니버설뮤직,4.8,2
페일데이 (Dearest Eve),BOY.D(보이.디 of 9와 숫자들),인디뮤직,2018.09.11,소니뮤직,4.7,1
Engine / Voice,HNGIN,"일렉트로니카,  인디뮤직",2018.09.10,포크라노스,5,2
New Edition 05,015B,발라드,2018.09.10,(주)지니뮤직,6.5,2
V,박재범,알앤비/어반,2018.09.10,Stone Music Entertainment,7.4,2
Thumbs Up!,펜타곤,랩/힙합,2018.09.10,로엔엔터테인먼트,6.8,5
Trip,릴러말즈(Leellamarz),랩/힙합,2018.09.10,Stone Music Entertainment,4.8,1
카테고리,소보,포크,2018.09.11,비손과기혼,7.7,1
산책을 할까,달에닿아,인디뮤직,2018.09.11,(주)엔에이치엔벅스,7,2
GROZA,투탁 핀셔,랩/힙합,2018.09.11,(주)루미넌트엔터테인먼트,2.7,1
Fine,레드인이어(RED IN-EAR),"인디뮤직,  락",2018.09.11,워너뮤직코리아,2.7,1
러블리 호러블리 OST Part 4,은하,드라마음악,2018.09.11,로엔엔터테인먼트,8.9,2
노래,김동률,발라드,2018.09.11,로엔엔터테인먼트,8.6,1
리모델링 (REMODELING),크라잉 넛,"인디뮤직,  락",2018.09.11,(주)미러볼뮤직,6.5,2
조용훈과 가까운 사이,조용훈과 가까운 사이,포크,2018.09.11,(주)킹핀엔터테인먼트,5,2
Melody,박수진,"알앤비/어반,  재즈힙합",2018.09.11,(주)오감엔터테인먼트,6.7,1
ㄱ,란준,"인디뮤직,  포크",2018.09.11,(주)뮤직앤뉴,5,5
한심한 생각,교정,인디뮤직,2018.09.11,(주)지니뮤직,0,6
TMI,캐스티(CAS.T),알앤비/어반,2018.09.11,(주)티에스앤엔터테인먼트,4,1
RESET,추억,"인디뮤직,  포크",2018.09.11,비스킷 사운드,5.5,1
ㅂ,cott(콧),알앤비/어반,2018.09.11,(주)지니뮤직,5.9,2
여름비,비트크림(BeatCream),"발라드,  인디뮤직",2018.09.11,먼데이브런치,3.3,1
라이프 OST Part 6,정승환,드라마음악,2018.09.11,(주)지니뮤직,8.8,1
매일매일,HAE(해),랩/힙합,2018.09.11,아토엔터테인먼트,0,1
Love Is All I Know,HASE(헤이스),락,2018.09.11,(주)광수미디어,0,1
빗속에,고로(GO-RO),랩/힙합,2018.09.11,(주)오감엔터테인먼트,3,2
백일의 낭군님 OST Part 1,거미,드라마음악,2018.09.11,Stone Music Entertainment,8.2,2
고백할게,에피타이저(appetizer),발라드,2018.09.11,워너뮤직코리아,5.8,2
기적처럼,안정우,발라드,2018.09.11,(주)오감엔터테인먼트,5.9,2
Paradise,비젤리(Bee Jelly),"일렉트로니카,  인디뮤직",2018.09.11,(주)미러볼뮤직,0,1
쉼표 Part 2,로만티코(Romantico),"발라드,  인디뮤직,  포크",2018.09.11,퍼플파인엔터테인먼트,5.8,1
그 노래,허숙진 (Heo Suk-Jin),클래시컬크로스오버,2018.09.11,(주)위프엔터테인먼트,4.3,4
[생명보험사회공헌재단] 다 들어줄개 Part 1,도끼(DOK2),랩/힙합,2018.09.11,Stone Music Entertainment,5.4,1
Color of night,뮤지(Muzie),알앤비/어반,2018.09.11,Stone Music Entertainment,7.1,5
선긋는거야,보란,알앤비/어반,2018.09.12,(주)소리바다,5.6,1
너에게로 (With 진관성),아날로그,"인디뮤직,  팝락",2018.09.12,민사운드스토리엔터테인먼트,7.5,2
난 니가 좋다,장기섭,"알앤비/어반,  발라드",2018.09.12,(주)뮤직앤뉴,5,4
내 곁에,잘혜준,"발라드,  인디뮤직",2018.09.12,(주)미러볼뮤직,2.5,1
Wander,트위드,락,2018.09.12,(주)필뮤직,3.8,3
UNITY,서사무엘(Samuel Seo),알앤비/어반,2018.09.12,Stone Music Entertainment,7.6,8
친애하는 판사님께 OST Part 6,하늘해,드라마음악,2018.09.12,(주)블렌딩,6.6,2
오늘의 탐정 OST Part 2,차지혜,드라마음악,2018.09.12,Stone Music Entertainment,6,2
달이 참 예쁘다고,이승윤,"인디뮤직,  락",2018.09.11,(주)코부코,7.1,5
백채 2nd single,백채 프로젝트(100chae Project),락,2018.09.12,(주)루미넌트엔터테인먼트,1,2
헤어지는 중,펀치(Punch),알앤비/어반,2018.09.12,로엔엔터테인먼트,8.1,2
MANGO,효민,알앤비/어반,2018.09.12,로엔엔터테인먼트,5.8,3
REST AREA,seizetheday (시즈더데이),랩/힙합,2018.09.12,Stone Music Entertainment,4.5,2
Rooftop S,홍가,랩/힙합,2018.09.12,(주)루미넌트엔터테인먼트,0,1
BABY U,HOYA(호야),알앤비/어반,2018.09.12,(주)지니뮤직,6.9,1
청춘의 Colors #2,최종묵,"인디뮤직,  락",2018.09.12,(주)미러볼뮤직,0,1
우주선,패러렐(Parallel),랩/힙합,2018.09.12,(주)루미넌트엔터테인먼트,5.6,1
롱디 (Long Distance),후추스(Hoochus),"인디뮤직,  락",2018.09.12,비스킷 사운드,3.2,1
20과 30,사탕수수,"인디뮤직,  포크",2018.09.12,먼데이브런치,2.5,1
사생결단로맨스 OST Part 9,학선,드라마음악,2018.09.12,로엔엔터테인먼트,6.3,2
내가 지금껏,임현정,포크,2018.09.12,(주)지니뮤직,6,2
돌아서지마요,더 라임,발라드,2018.09.12,(주)지니뮤직,6.4,2
가을이 오면,천소아,발라드,2018.09.12,(주)티에스앤엔터테인먼트,2.9,3
Zolla,fla4free,"랩/힙합,  알앤비/어반",2018.09.12,워너뮤직코리아,6.3,1
"좋아해, 너를",숲의 계절,뉴에이지,2018.09.12,워너뮤직코리아,4.5,5
So Nice,소울리스트,"인디뮤직,  포크",2018.09.12,(주)오감엔터테인먼트,6,2
그냥 같이 (Just You And Me),HOW(하우),"인디뮤직,  포크",2018.09.13,(주)티에스앤엔터테인먼트,0,2
Don't Leave,디캐시,알앤비/어반,2018.09.13,(주)소리바다,6.3,1
Hold me now,짙은(Zitten),인디뮤직,2018.09.12,(주)엔에이치엔벅스,6.8,2
사랑숨,탐구생활,"인디뮤직,  포크",2018.09.12,포크라노스,5.6,1
내가 사랑한 모든 것들은 나를 눈물짓게 할 테니까,모브닝(MOVNING),"인디뮤직,  락",2018.09.12,포크라노스,9,1
빠르게 뛰어,영 스위시(Young Swish),랩/힙합,2018.09.12,(주)오감엔터테인먼트,5.6,1
Fall In Love,타임브릿지,"알앤비/어반,  인디뮤직",2018.09.12,(주)오감엔터테인먼트,5.6,1
CYAN,Cyan Kim(김시안),랩/힙합,2018.09.12,아토엔터테인먼트,5,7
You And I (Feat. Safira. K),매시브 디토(Massive Ditto),일렉트로니카,2018.09.12,(주)필뮤직,0,1
나란놈이란 - The First Project,그렉(Greg),알앤비/어반,2018.09.12,이프로엔터테인먼트,9,1
소리,성정,알앤비/어반,2018.09.13,Stone Music Entertainment,6,1
대화가 필요해,가제트(Gadjet),알앤비/어반,2018.09.13,(주)오감엔터테인먼트,4.8,1
Purple Rain,맥랩(Mc Rap),랩/힙합,2018.09.13,(주)루미넌트엔터테인먼트,0,3
혼자만 사랑했던거니,체리핑크,발라드,2018.09.13,아토엔터테인먼트,6.3,2
이별하러 가는 길,임한별,발라드,2018.09.13,로엔엔터테인먼트,9.3,2
REAL LIVE NANJANG Vol.9 (난장 라이브),마리슈,"인디뮤직,  락",2018.09.13,(주)코부코,5,2
우리 둘이,406호 프로젝트,"알앤비/어반,  인디뮤직,  락",2018.09.13,퍼플파인엔터테인먼트,6.8,1
내 이름,조항조,트로트,2018.09.13,(주)다날엔터테인먼트,7.5,1
Wave,Colde (콜드),알앤비/어반,2018.09.13,소니뮤직,8.7,8
Miracle,"듀에토(백인태, 유슬기)",클래시컬크로스오버,2018.09.13,로엔엔터테인먼트,9.3,6
Love My Baby,리코(Rico),"알앤비/어반,  인디뮤직",2018.09.13,포크라노스,1.8,2
낮부터 취해서,클랑(KLANG),발라드,2018.09.13,(주)지니뮤직,8,2
Water,윌라(WILLA),랩/힙합,2018.09.13,(주)디지탈레코드,0,1
Venom,디제이 웨건(DJ Wegun),랩/힙합,2018.09.13,Stone Music Entertainment,7.2,1
후니네밴드,후니네밴드,"락,  포크",2018.09.13,(주)킹핀엔터테인먼트,2,4
V,HUS(허밍어반스테레오),"일렉트로니카,  알앤비/어반,  댄스",2018.09.13,(주)지니뮤직,7.1,15
Candle,Leevisa,"일렉트로니카,  인디뮤직",2018.09.13,포크라노스,0,4
Rainbow,메이다니(MAYDONI),알앤비/어반,2018.09.13,(주)엔에이치엔벅스,4.9,2
슬리퍼스 인 베니스 OST,Various Artists,영화음악,2018.09.13,(주)엔에이치엔벅스,6.5,7
아는 와이프 OST Part 5,담소네공방,드라마음악,2018.09.13,Stone Music Entertainment,7.1,2
이상하게 설레,최보통,인디뮤직,2018.09.13,(주)아이리버,6.7,12
밤이 피네,Lof.T(로프티),"일렉트로니카,  인디뮤직",2018.09.13,(주)미러볼뮤직,5,1
아침,로맨틱 모먼트(Romantic Moment),"인디뮤직,  포크",2018.09.13,비스킷 사운드,1.3,1
CROSSROAD,정동하,발라드,2018.09.13,(주)뮤직앤뉴,7.5,11
끄트머리,구공이오공(90250),발라드,2018.09.13,(주)광수미디어,1,2
마성의 기쁨 OST Part 1,이윤진,드라마음악,2018.09.13,로엔엔터테인먼트,8,2
Drive Shower Repackage,Drive Shower,"락,  인디",2018.09.13,Stone Music Entertainment,4.2,15
Bad Bad,반디(Vandi),일렉트로니카,2018.09.13,워너뮤직코리아,3.3,1
Silence,결(KYUL),"알앤비/어반,  인디뮤직",2018.09.14,포크라노스,4,1
안경 (blur),로즈(Rose),알앤비/어반,2018.09.14,(주)지니뮤직,5.8,2
한 잔만 더 하면,박보람,알앤비/어반,2018.09.14,Stone Music Entertainment,6.1,2
Wanna Know,EB,"댄스,  인디뮤직",2018.09.14,(주)엘리야엔터테인먼트,6.4,1
털어놔,TSLW,"알앤비/어반,  인디뮤직",2018.09.13,워너뮤직코리아,3.6,1
Age,라이프 앤 타임,락,2018.09.13,(주)지니뮤직,8.1,10
이 비가 (Until the rain stops),노래하는 코트,발라드,2018.09.13,(주)인터파크,6.8,2
I GOT YOUR BACK,디나인(D-9INE),랩/힙합,2018.09.13,(주)루미넌트엔터테인먼트,3.3,1
내일도 맑음 OST Part 20,리디아(Lydia),드라마음악,2018.09.13,(주)다날엔터테인먼트,7,2
열애중 (답가),하은(라코스테남),발라드,2018.09.14,(주)지니뮤직,8.8,2
니맘내맘,스텔라장(Stella Jang),포크,2018.09.14,(주)디지탈레코드,7.9,1
브리즈,키지,"댄스,  클럽/댄스",2018.09.14,(주)뮤즈플랫폼,0,1
잠이 안 와,소란(SORAN),락,2018.09.14,로엔엔터테인먼트,8.1,2
MMS,DAY5FF,랩/힙합,2018.09.14,(주)엔에이치엔벅스,4.7,5
Chair man,"DAP(YUP, HERSHEY, GINZA)",랩/힙합,2018.09.14,(주)뮤직앤뉴,0,2
Neo Decadence,VOID,락,2018.09.14,Stone Music Entertainment,4,6
OHIYO (오하요),Soup(숲),"댄스,  알앤비/어반",2018.09.14,(주)오감엔터테인먼트,7.6,1
우리 마지막 날,PS영준,랩/힙합,2018.09.14,(주)다날엔터테인먼트,2.4,2
올댓뮤직 X 인디스땅스 2018 Vol.2 (All That Music X Indiestance 2018 Vol.2),Various Artists,"인디뮤직,  락",2018.09.14,(주)미러볼뮤직,5,10
징검다리,가능동밴드,포크,2018.09.14,미디어스코프(주),1.5,1
Period,재달(JaeDal),랩/힙합,2018.09.14,Stone Music Entertainment,8.1,5
연애의 기록,정흠밴드(Jungheum Band),"인디뮤직,  락",2018.09.14,(주)뮤직앤뉴,7,5
Starlight,김욱,"알앤비/어반,  인디뮤직",2018.09.14,먼데이브런치,6.7,1
N/A,주영,알앤비/어반,2018.09.14,로엔엔터테인먼트,7.5,2
(EP.1) 항해,Moon Bong,"발라드,  인디뮤직",2018.09.14,퍼플파인엔터테인먼트,8.8,3
Paint,포이 뮤지엄(POY Muzeum),랩/힙합,2018.09.14,(주)루미넌트엔터테인먼트,3.6,1
29,굿나잇파트라슈,"인디뮤직,  락",2018.09.14,비스킷 사운드,7.1,4
Romance,최병욱(Jeremy Choi),현대음악,2018.09.14,(주)필뮤직,4,2
HiFi,퍼프(Puff),랩/힙합,2018.09.14,(주)티에스앤엔터테인먼트,0,1
나이나이에,자그마치,"인디뮤직,  포크,  락",2018.09.14,(주)미러볼뮤직,6.1,2
싫던 날,신주현,"발라드,  인디뮤직",2018.09.14,워너뮤직코리아,5.5,1
그 이름 하나만,주대건,발라드,2018.09.14,아토엔터테인먼트,6.2,6
사실은,마이큐(My Q),"인디뮤직,  알앤비/어반",2018.09.14,유니버설뮤직,3,1
아픈 손가락,커피소년,"발라드,  인디뮤직",2018.09.14,(주)엔에이치엔벅스,7.7,2
가지마요,윤건,발라드,2018.09.14,(주)지니뮤직,7.9,2
끝까지 사랑 OST Part 13,DKSOUL,드라마음악,2018.09.15,(주)다날엔터테인먼트,8.8,2
tvN 300 x NC 피버뮤직 - EP3,Various Artists,알앤비/어반,2018.09.15,Stone Music Entertainment,5.6,2
Ours,써드(third),인디뮤직,2018.09.15,(주)오감엔터테인먼트,4,1
불후의 명곡 - 전설을 노래하다 (대한민국 ROCK의 자존심 YB),Various Artists,락,2018.09.15,로엔엔터테인먼트,6.3,6
Flex Forever,The Quiett,랩/힙합,2018.09.15,Stone Music Entertainment,8.4,1
보이스2 (OCN 토일드라마) OST - Part 4,myunDo,드라마음악,2018.09.15,(주)엔에이치엔벅스,4.8,4
죄 많은 소녀 (Original Motion Picture Soundtrack),선우정아,영화음악,2018.09.15,(주)지니뮤직,8.4,8
SF,위아더나잇(We Are The Night),"일렉트로니카,  인디뮤직",2018.09.15,포크라노스,6.6,1
A-TEEN Part 4,모트(Motte),드라마음악,2018.09.16,로엔엔터테인먼트,8,2
We Young,찬열,랩/힙합,2018.09.14,(주)아이리버,7.8,3
우리집에 왜왔니,김민지,"인디뮤직,  포크",2018.09.15,(주)미러볼뮤직,6.6,2
숨바꼭질 OST Part 1,베이지(Beige),드라마음악,2018.09.15,(주)블렌딩,8.5,2
너를 사랑하는 이유,연애세포,발라드,2018.09.15,워너뮤직코리아,4.8,2
불면증,딘딘(DinDin),랩/힙합,2018.09.15,로엔엔터테인먼트,6.7,1
Aquarium,WABLE(와블),"알앤비/어반,  인디뮤직",2018.09.15,(주)지니뮤직,6.7,2
내 아이디는 강남미인 OST Part 9,여은(멜로디데이),드라마음악,2018.09.15,워너뮤직코리아,4.8,2
OFF ROOM,Dakshood(닥스후드),랩/힙합,2018.09.15,로엔엔터테인먼트,6.4,7
Love Is Love,20 (트웬티),알앤비/어반,2018.09.16,(주)오감엔터테인먼트,4,1
PRIDE,IK BROTHERS (아이케이 브라더즈),댄스,2018.09.16,(주)지니뮤직,3.8,2
Intersection,오월(Owol),"알앤비/어반,  랩/힙합",2018.09.16,워너뮤직코리아,6.5,3
당신의 별이 사라지던 밤,폴의 작업실,뉴에이지,2018.09.16,워너뮤직코리아,2.3,8
로맨스,김사월,"인디뮤직,  포크",2018.09.16,포크라노스,8.3,12
BUCKET LIST,박현진,랩/힙합,2018.09.16,로엔엔터테인먼트,7.2,1
미스터 션샤인 OST Part 13,세정(구구단),"드라마음악,  발라드",2018.09.16,Stone Music Entertainment,9.7,1
이타카로 가는 길 Part 10,소유(SOYOU),발라드,2018.09.16,Stone Music Entertainment,4.2,3
나도 엄마야 OST Part 4,구윤회,드라마음악,2018.09.17,(주)블렌딩,5.9,2
Bucket list,에이솔(Asol),랩/힙합,2018.09.17,(주)엔에이치엔벅스,6.4,1
Sweet Illusion,Luna Pirates(루나파이럿츠),"일렉트로니카,  인디뮤직",2018.09.17,(주)미러볼뮤직,3.8,1
체크메이트 O.S.T,커먼 그라운드(Common Ground),드라마음악,2018.09.17,Stone Music Entertainment,6.8,2
복면가왕 169회,나영,댄스,2018.09.16,(주)블렌딩,5.7,1
HOLIDAY,밀리그램,"인디뮤직,  포크",2018.09.16,(주)미러볼뮤직,7.3,4
언제나,고나영,알앤비/어반,2018.09.16,(주)지니뮤직,6.1,2
끝까지 사랑 OST Part 14,조문근,드라마음악,2018.09.16,(주)다날엔터테인먼트,8.2,2
I’m Fine,가비엔제이,발라드,2018.09.16,로엔엔터테인먼트,7.6,4
우리 사랑하는데,우은미,발라드,2018.09.17,(주)티에스앤엔터테인먼트,5.6,3
"We’ve Lost, What Now?",웨터 (wetter),락,2018.09.17,Stone Music Entertainment,6.8,5
I'M GOOD,mNine,랩/힙합,2018.09.17,(주)엔에이치엔벅스,1.3,1
IGOHOLIC,PLT,랩/힙합,2018.09.17,(주)지니뮤직,7.6,1
Present : YOU,GOT7 (갓세븐),"댄스,  발라드,  알앤비/어반,  랩/힙합,  락",2018.09.17,(주)아이리버,8.3,16
내 아이디는 강남미인 OST,Various Artists,드라마음악,2018.09.17,워너뮤직코리아,6.7,23
서른이지만 열일곱입니다 OST Part 7,박재정,드라마음악,2018.09.17,로엔엔터테인먼트,9.3,2
너라는 계절이,진안,인디뮤직,2018.09.17,(주)오감엔터테인먼트,4.8,1
시간을 가져,강민혁,알앤비/어반,2018.09.17,(주)다날엔터테인먼트,2.5,1
너와 머물던,엔스(Nth),"인디뮤직,  락",2018.09.17,포크라노스,0,1
Stars Of You,엔분의일(1/N),"인디뮤직,  락",2018.09.17,(주)필뮤직,6.9,1
이쁜걸 어떡해,LOVEND,"인디뮤직,  락",2018.09.17,(주)코부코,2,2
new.MAKE20 #3,김범수,발라드,2018.09.17,Stone Music Entertainment,7.5,2
러블리 호러블리 OST Part 5,이창섭,드라마음악,2018.09.17,로엔엔터테인먼트,8.9,2
마음이 없는 사람에게,이소(e_so),"인디뮤직,  포크",2018.09.17,(주)미러볼뮤직,5.7,1
MOONRISE,요셉,알앤비/어반,2018.09.17,(주)지니뮤직,4.5,2
디깅클럽서울 Part 01,죠지,발라드,2018.09.17,YG PLUS,6.4,3
Red,오베,알앤비/어반,2018.09.17,(주)광수미디어,4,2
SLOW IT DOWN,Blostea,"인디뮤직,  포크",2018.09.17,(주)뮤직앤뉴,0,1
Best moment,노블레스,발라드,2018.09.17,(주)다날엔터테인먼트,6.5,4
Black Out,U-in(유인),알앤비/어반,2018.09.17,민사운드스토리엔터테인먼트,0,1
Clear Love,더 멜로디,댄스,2018.09.17,(주)티에스앤엔터테인먼트,0,1
별 (Feat.김종완 of 넬),빈첸(VINXEN),랩/힙합,2018.09.17,로엔엔터테인먼트,8.1,2
그래 또 눈물,황재완,발라드,2018.09.17,Stone Music Entertainment,4.6,3
Day Dream,SWANG,"알앤비/어반,  발라드",2018.09.17,보자기레이블&미디어,0,1
아이고,빌(BIL),랩/힙합,2018.09.17,(주)루미넌트엔터테인먼트,6.3,1
별이 되어줘,빨간의자,인디뮤직,2018.09.17,포크라노스,7,1
Summer Lit,BS X PePe,랩/힙합,2018.09.17,(주)소리바다,0,6
압구정로데오,ness(네스),랩/힙합,2018.09.18,(주)뮤직앤뉴,4.3,1
밤수성 Part.1,노르웨이 숲,인디뮤직,2018.09.18,(주)엔에이치엔벅스,6.4,1
웹툰 연놈 OST Part 1,케이시(Kassy),O.S.T,2018.09.18,로엔엔터테인먼트,9.8,2
맴매야,퍼플,댄스,2018.09.18,로엔엔터테인먼트,4.1,1
오늘 밤,헤이데이(HEYDAY),인디뮤직,2018.09.18,(주)지니뮤직,3.8,1
아프리카로,조준호,"인디뮤직,  포크",2018.09.18,비스킷 사운드,1.8,2
Prunus,Hayoon,알앤비/어반,2018.09.18,(주)쿠킹뮤직,4.2,2
그냥 그래,허니애플,발라드,2018.09.17,워너뮤직코리아,4.8,2
손도끼,마이티파인(MightyFine),랩/힙합,2018.09.17,아토엔터테인먼트,0,1
‘Love is’,이재선,랩/힙합,2018.09.18,민사운드스토리엔터테인먼트,0,3
가을 타나 봐,바이브,발라드,2018.09.18,(주)지니뮤직,8.4,2
우리 그만하자,로이킴,발라드,2018.09.18,Stone Music Entertainment,7.1,2
서른이지만 열일곱입니다 OST,Various Artists,드라마음악,2018.09.18,로엔엔터테인먼트,7,19
Echae en Route,이채언루트,인디뮤직,2018.09.18,포크라노스,7.7,7
Mood,마민즈(maminz),랩/힙합,2018.09.18,(주)뮤즈플랫폼,2.2,9
Be Be Be,허니비(HoneyBe),랩/힙합,2018.09.18,(주)루미넌트엔터테인먼트,4.4,2
소나기,임재용,"발라드,  인디뮤직",2018.09.18,퍼플파인엔터테인먼트,4.2,1
최고의 순간,노브레인,"인디뮤직,  락",2018.09.18,(주)미러볼뮤직,6,1
GOLDEN ERA,엘리펀디(Elefun.D),"랩/힙합,  인디뮤직",2018.09.18,(주)코부코,4.4,8
영원히,정수양,"트로트,  어덜트 컨템포러리",2018.09.18,(사)한국음반산업협회,0,6
Rooftop,JUNIK,알앤비/어반,2018.09.18,워너뮤직코리아,4.8,4
Still In Love,장진영,발라드,2018.09.18,(주)소리바다,0,2
HIDDEN GGUL VOICE #1,김기범,발라드,2018.09.18,(주)티에스앤엔터테인먼트,5,2
가위 바위 보,재호(XEHO),알앤비/어반,2018.09.18,(주)다날엔터테인먼트,1.7,2
마음에게,지으니어스,포크,2018.09.18,아토엔터테인먼트,6.7,1
glow forever connected version,The Quiett,랩/힙합,2018.09.18,Stone Music Entertainment,7.7,2
협상 OST,황상준,영화음악,2018.09.19,Stone Music Entertainment,4.2,19
그러니까,화유,발라드,2018.09.18,아토엔터테인먼트,2,2
The Big Dipper,루첸트(LUCENTE),랩/힙합,2018.09.18,워너뮤직코리아,6.8,6
지워,가영,알앤비/어반,2018.09.18,(주)오감엔터테인먼트,0.3,1
취준진담 OST (SBS 스페셜),슈퍼싸운드,기타,2018.09.18,(주)블렌딩,2.5,8
끝을 아는 시작,UNI.T,댄스,2018.09.18,로엔엔터테인먼트,8.4,5
ICE CREAM,Planet Black,랩/힙합,2018.09.18,Stone Music Entertainment,2,1
SmileySmile,스마일리스마일(SmileySmile),일렉트로니카,2018.09.18,소니뮤직,5.6,1
High Tension,바이닐(V!nyl),알앤비/어반,2018.09.18,(주)오감엔터테인먼트,3.8,2
조금씩 이별하자,묵(MOOK),발라드,2018.09.18,(주)지니뮤직,2.8,1
Hey You,정욱,발라드,2018.09.19,(주)오감엔터테인먼트,3.7,2
Heal Project,해니(HAENY),알앤비/어반,2018.09.19,(주)케미컬레코드,6.7,1
Diary,도아(DOA),발라드,2018.09.19,(주)킹핀엔터테인먼트,3.8,2
하루도 그대를 사랑하지 않은 적이 없었다,임창정,"발라드,  댄스",2018.09.19,(주)인터파크,8.5,14
Daydream,르 메리무스(LE_MeryMos),"발라드,  인디뮤직",2018.09.19,(주)티에스앤엔터테인먼트,6.8,9
오늘의 탐정 OST Part 3,이보람(씨야),드라마음악,2018.09.19,Stone Music Entertainment,7.7,2
Feels.,헤이트(hate.),"알앤비/어반,  인디뮤직",2018.09.19,퍼플파인엔터테인먼트,0,1
Sick Boy...This Feeling,The Chainsmokers,일렉트로니카,2018.09.19,소니뮤직,7.2,7
이야기 Part 3 - 비오는 수요일,한승희,발라드,2018.09.19,(주)우조엔터테인먼트,6.7,2
DISCO (I Don't Mind),맥거핀(macguffin),"인디뮤직,  락",2018.09.19,(주)지니뮤직,7.2,1
별일이 아니라고,김영근,발라드,2018.09.19,Stone Music Entertainment,6.9,1
생일을 핑계로,귀동,발라드,2018.09.19,(주)광수미디어,4.6,1
한밤의 여행,선명(先命),포크,2018.09.19,(주)소리바다,6.7,2
신호등,희삼이(heesami),"인디뮤직,  팝락",2018.09.19,(주)필뮤직,4.3,2
10분 뒤 나와,몽글리(Monggly),"인디뮤직,  락",2018.09.19,(주)미러볼뮤직,6.8,2
느려서,Haks,"발라드,  인디뮤직",2018.09.19,(주)코부코,3.3,1
아이야,6IXTY,락,2018.09.19,아토엔터테인먼트,4,1
WJ PLEASE?,우주소녀,댄스,2018.09.19,로엔엔터테인먼트,8.5,6
마성의 기쁨 OST Part 2,성담,드라마음악,2018.09.19,로엔엔터테인먼트,9,2
Hello September,로맨틱치즈(Romantic Cheese),뉴에이지,2018.09.19,워너뮤직코리아,0,5
MAKE ME DOWN,비비(BB),랩/힙합,2018.09.19,(주)뮤직앤뉴,5,1
THE SUMMER BRINGING LOVE,디아비(D.I.B),랩/힙합,2018.09.19,(주)루미넌트엔터테인먼트,3.6,2
회사 가기 싫어 OST Part 1,일현,드라마음악,2018.09.19,로엔엔터테인먼트,8.4,1
연기자,안희수,"인디뮤직,  포크",2018.09.19,포크라노스,7.1,2
달콤한 연애중,한살차이,"인디뮤직,  포크",2018.09.19,먼데이브런치,6.3,1
HIDDEN TRACK NO.V Vol.4,1415,"락,  알앤비/어반",2018.09.19,포크라노스,6,2
늑대소년,해비,"인디뮤직,  락",2018.09.19,(주)엔에이치엔벅스,5.8,1
Find Wally (Feat. Jay2kim x Mar) (prod. G.A.O),O'YOUNG(오영),랩/힙합,2018.09.19,워너뮤직코리아,2,1
악동탐정스2 OST,조은애,드라마음악,2018.09.20,(주)오감엔터테인먼트,5,2
Lullaby,심심한오후,"발라드,  인디뮤직",2018.09.20,먼데이브런치,7,1
약속,에델 라인클랑(Edel Reinklang),클래시컬크로스오버,2018.09.20,(주)지니뮤직,6.9,11
Radio Star,포에버(FOURever),락,2018.09.19,로엔엔터테인먼트,6.3,2
Love Schedule,무드온(Mood On),"인디뮤직,  포크,  락",2018.09.19,(주)다날엔터테인먼트,4.8,3
잘 알지도 못하면서,파랑망또,"인디뮤직,  포크",2018.09.19,워너뮤직코리아,6.8,1
[ONEIRIC],호세(Jose),알앤비/어반,2018.09.19,민사운드스토리엔터테인먼트,5,2
TINY BEACH,TOYCOIN(토이코인),"알앤비/어반,  인디뮤직",2018.09.19,비스킷 사운드,0,1
시간 OST Part 6,박지우,드라마음악,2018.09.19,(주)블렌딩,4.8,2
몽상,원디,"인디뮤직,  포크",2018.09.20,(주)티에스앤엔터테인먼트,0,2
내 노래,KCM,"발라드,  포크",2018.09.20,(주)오감엔터테인먼트,6.5,2
REAL LIVE NANJANG Vol.10 (난장 라이브),브로큰 발렌타인(Broken Valentine),"인디뮤직,  락",2018.09.20,(주)코부코,2.4,2
두근거려,원셋(1set),"알앤비/어반,  인디뮤직",2018.09.20,워너뮤직코리아,7.1,1
Bed up Alcohol,Swavey Child,랩/힙합,2018.09.20,(주)뮤직앤뉴,0,2
좋은 하루 (Bom Dia),나희경,보사노바 재즈,2018.09.20,페이지터너AMS,7.6,1
colorless,권영찬,발라드,2018.09.20,로엔엔터테인먼트,7.4,5
하늘색 우산,이유진,발라드,2018.09.20,아토엔터테인먼트,1.3,1
Secret,CHIMMI(취미),"알앤비/어반,  일렉트로니카",2018.09.20,(주)엔에이치엔벅스,4.2,1
"설레는 밤, 그녀입니다",이결,"인디뮤직,  알앤비/어반",2018.09.20,유니버설뮤직,4.7,1
Just U,기로(GIRO),"인디뮤직,  포크",2018.09.20,(주)다날엔터테인먼트,0,1
Alone In The City,드림캐쳐,락,2018.09.20,(주)지니뮤직,8.6,6
응 (SAY YES),S.I.S,"댄스,  일렉트로니카",2018.09.20,로엔엔터테인먼트,5.8,4
Rain&bow,안재균,알앤비/어반,2018.09.20,(주)광수미디어,5,2
2708,우진(WooJin),랩/힙합,2018.09.20,(주)힙합플레이야,0,1
무슨 42,미앤유(me and you),"발라드,  포크,  인디뮤직",2018.09.20,퍼플파인엔터테인먼트,3.8,1
또 밤,밤라드(BAMLAD),발라드,2018.09.20,(주)사운드리퍼블리카,6.3,1
불토엔 혼코노 episode 1,박산희,발라드,2018.09.20,Stone Music Entertainment,5,1
My creations,오땡큐(OTHANKQ),댄스,2018.09.20,(주)소리바다,0.5,1
Push,Blosso,일렉트로니카,2018.09.20,워너뮤직코리아,4,3
봄,조덕환,"인디뮤직,  락",2018.09.20,(주)미러볼뮤직,6.7,1
♥ ｉｎ Ｘａｎａｘ,MacAilley,"일렉트로니카,  인디뮤직",2018.09.20,포크라노스,0,1
Love is a wonderful thing (For Mae),OLIVER(올리버),발라드,2018.09.20,(주)지니뮤직,2.8,1
風邪がなおるまで (감기가 나을 때 까지),와사비호텔(wasabi hotel),"인디뮤직,  포크",2018.09.20,비스킷 사운드,5.3,1
아는 와이프 OST Part 6,유성은,드라마음악,2018.09.20,Stone Music Entertainment,6.7,2
Same,키스누(Kisnue),"일렉트로니카,  인디뮤직",2018.09.20,포크라노스,5.6,1
LAST,박재우,"인디뮤직,  포크",2018.09.20,(주)뮤직앤뉴,0,3
Band Wegun Effect,디제이 웨건(DJ Wegun),랩/힙합,2018.09.20,Stone Music Entertainment,7.4,8
시계,리멤버러스(Remember Us),알앤비/어반,2018.09.21,(주)오감엔터테인먼트,4.1,2
아직도 나는,란(RAN),발라드,2018.09.21,(주)티에스앤엔터테인먼트,4.6,2
One Love,DISH CRIMSON(디쉬크림슨),랩/힙합,2018.09.21,(주)뮤직앤뉴,1.6,1
마성의 기쁨 OST Part 3,U-mb5,드라마음악,2018.09.21,로엔엔터테인먼트,7.8,2
내일도 맑음 OST Part 21,모닝커피,드라마음악,2018.09.21,(주)다날엔터테인먼트,5,2
2018 KINGZ 4th Digital Single Album,킹즈,발라드,2018.09.21,아토엔터테인먼트,5,2
Safari,D.Sanguh(딥상어),랩/힙합,2018.09.20,(주)루미넌트엔터테인먼트,4,5
갑자기 너무 보고 싶어져서,비비안,발라드,2018.09.20,(주)티에스앤엔터테인먼트,6.4,4
Don’t Worry,Redlow,"인디뮤직,  락",2018.09.20,(주)뮤즈플랫폼,4,12
Slowstones,Slowstones,인디뮤직,2018.09.21,(주)아이리버,0,7
나랑 사귈래?,컨벌스,포크,2018.09.21,(주)뮤직앤뉴,0.3,1
Sadness,문소연,"알앤비/어반,  인디뮤직",2018.09.21,(주)코부코,0,1
TOYSTORY,릴러말즈(Leellamarz),랩/힙합,2018.09.21,Stone Music Entertainment,7.1,7
그날의 커피 OST,슌 (Shoon),O.S.T,2018.09.21,워너뮤직코리아,7.3,2
Kid's Dream,SOMA (소마),알앤비/어반,2018.09.21,(주)지니뮤직,5.9,3
Welsh Corgi/Helium,리톨(Litol),"랩/힙합,  인디뮤직",2018.09.21,비스킷 사운드,0,2
아는 와이프 OST,Various Artists,드라마음악,2018.09.21,Stone Music Entertainment,5.1,22
Alone,민시후(Min Sihu),뉴에이지,2018.09.21,페이지터너AMS,6.3,1
RED,아이디(Eyedi),알앤비/어반,2018.09.21,(주)엔에이치엔벅스,7.7,2
10년 전 나에게,모월(mo-wall),락,2018.09.21,(주)소리바다,0,1
그대뿐이죠,원효연,발라드,2018.09.21,먼데이브런치,4.3,3
부끄러워,레이머(Layma),"알앤비/어반,  인디뮤직",2018.09.21,퍼플파인엔터테인먼트,3.3,1
SONG ONE (내 인생의 노래) - 예성 (슈퍼주니어) 편,예성 (YESUNG),발라드,2018.09.21,(주)인터파크,7.1,2
헤어지는 날,이준호,"발라드,  인디뮤직",2018.09.21,로엔엔터테인먼트,4.1,2
묻고 싶지만,더 스윗(The Suite),알앤비/어반,2018.09.21,(주)지니뮤직,6.3,1
빅포레스트 OST Part 1,ABRY,드라마음악,2018.09.22,Stone Music Entertainment,6.7,2
Bad (Feat. WOODZ),Kriz,"인디뮤직,  알앤비/어반",2018.09.21,유니버설뮤직,2.2,1
Falling aFter rain,텐마일즈(10miles),"인디뮤직,  락",2018.09.21,(주)미러볼뮤직,7.3,2
Irreplaceable,다누(Da Nu),인디뮤직,2018.09.21,포크라노스,4.1,1
Reel,블랙스트라이크(Black Strike),랩/힙합,2018.09.21,(주)필뮤직,2.5,2
Diary Vol.18 (쏟아져 내린다),혜화동 소년,발라드,2018.09.21,(사)한국음반산업협회,4.7,2
철없던 나에게,김기식,락,2018.09.21,(주)우조엔터테인먼트,0,2
지금부터 베리베리해 OST,VERIVERY,"TV,  댄스",2018.09.21,Stone Music Entertainment,7.8,1
Red Monday,렉스디,"랩/힙합,  인디뮤직",2018.09.21,워너뮤직코리아,3.8,1
그 여름,스웨덴세탁소,"발라드,  인디뮤직",2018.09.21,로엔엔터테인먼트,7.2,1
그녀로 말할 것 같으면 OST,Various Artists,드라마음악,2018.09.22,(주)블렌딩,5.7,16
보이스2 (OCN 토일드라마) Special OST,Various Artists,드라마음악,2018.09.22,(주)엔에이치엔벅스,6.9,16
하나뿐인 내편 OST Part 1,울랄라세션,드라마음악,2018.09.22,(주)다날엔터테인먼트,6.8,2
mise en scene,빌리 카빈 (Billy Carvin),"랩/힙합,  인디뮤직",2018.09.22,워너뮤직코리아,3.4,1
너에게 기대어,동네빵집,"인디뮤직,  포크",2018.09.22,(주)미러볼뮤직,5.3,2
야 간 산 책,러블리벗(Lovelybut),발라드,2018.09.22,(주)엔에이치엔벅스,4.8,1
미안,정동원,"발라드,  인디뮤직",2018.09.22,워너뮤직코리아,6.1,2
공상과학음악,기리보이,랩/힙합,2018.09.22,로엔엔터테인먼트,8.3,15
금강하구둑과 고도리,레인보우99(Rainbow99),"일렉트로니카,  인디뮤직",2018.09.23,포크라노스,2.3,2
마음이 끝나서,Anonymous Artists,발라드,2018.09.23,(주)오감엔터테인먼트,5.8,2
ㅇㄱㄱㄴㄴㅇㅇ,모리슨 호텔(Morrison Hotel),"발라드,  인디뮤직",2018.09.23,(주)미러볼뮤직,4.8,4
MUZE,RUST,재즈,2018.09.22,(주)지니뮤직,6,13
가을데이트,프릴로디(Freelody),인디뮤직,2018.09.22,(주)오감엔터테인먼트,6.3,2
동네앨범 삼척 Part 1,The One(더원),포크,2018.09.22,로엔엔터테인먼트,6.8,2
숨바꼭질 OST Part 2,서인영,드라마음악,2018.09.22,(주)블렌딩,4.7,2
Daydream,우주히피,"인디뮤직,  포크",2018.09.22,포크라노스,5.6,1
tvN 300 x NC 피버뮤직 - EP4,러블리즈,댄스,2018.09.22,Stone Music Entertainment,8.4,2
끝까지 사랑 OST Part 15,이미쉘,드라마음악,2018.09.23,(주)다날엔터테인먼트,6.9,2
Love In Again,태사비애,발라드,2018.09.23,(주)티에스앤엔터테인먼트,3.7,2
Emotions Part 1,홍지수(ZISU),"알앤비/어반,  인디뮤직",2018.09.23,워너뮤직코리아,5,7
연애플레이리스트3 Part 1,10cm,드라마음악,2018.09.23,로엔엔터테인먼트,7.3,2
이타카로 가는 길 Final,윤도현,락,2018.09.23,Stone Music Entertainment,5.1,2
나의 사랑노래,경다솜,"발라드,  인디뮤직",2018.09.23,로엔엔터테인먼트,4.6,2
Problem,소울스타(SOULSTAR),알앤비/어반,2018.09.23,(주)지니뮤직,7.6,3
미스터 션샤인 OST Part 14,벤,드라마음악,2018.09.23,Stone Music Entertainment,8,1
WildFire,아즈버스(A'Zbus),"인디뮤직,  락",2018.09.24,퍼플파인엔터테인먼트,5.8,1
흔한노래,김은규,발라드,2018.09.24,워너뮤직코리아,7.4,1
INS Project - Replay Vol.3,Daryl Ong,알앤비,2018.09.24,워너뮤직코리아,6.3,1
내가 너를 지울 수 있을까,폴른(Pollen),발라드,2018.09.24,Stone Music Entertainment,5.7,2
러블리 호러블리 OST Part 6,은가은,드라마음악,2018.09.25,로엔엔터테인먼트,5.9,2
사랑에 연습이 있었다면,임재현,발라드,2018.09.25,로엔엔터테인먼트,6.8,2
왜 난 몰랐을까,하진우,발라드,2018.09.23,워너뮤직코리아,7.7,2
7ainbow,MaseWonder,랩/힙합,2018.09.23,Stone Music Entertainment,3.2,7
두니아~ 처음 만난 세계 OST Part 3,샤넌,"댄스,  TV",2018.09.23,(주)블렌딩,7.3,2
돈츄원미,EZEN,"인디뮤직,  락",2018.09.24,(주)미러볼뮤직,4.8,1
내일도 맑음 OST Part 22,안예슬,드라마음악,2018.09.24,(주)다날엔터테인먼트,6.3,2
"그대, 별",최두진,발라드,2018.09.24,(주)오감엔터테인먼트,4.7,2
내가 나와 친해지기 위해서,레코드벨,"인디뮤직,  포크",2018.09.24,포크라노스,5.6,2
Blue Dream,The Flavr Blue,"알앤비,  소울",2018.09.25,Stone Music Entertainment,6,14
Dinner With You,에드가사운드(Edgar Sound),일렉트로니카,2018.09.25,(주)오감엔터테인먼트,4.8,1
옆에 (Feat. 정기고),까데호,발라드,2018.09.25,포크라노스,4.8,2
Unisex,우리같은사람들,"인디뮤직,  락",2018.09.25,(주)미러볼뮤직,7.4,5
#Be hidden,라경진,인디뮤직,2018.09.25,비스킷 사운드,4.8,2
눈을 감고 지내온 날들에,새벽두시,인디뮤직,2018.09.26,(주)오감엔터테인먼트,6.1,2
Stood,다린,"인디뮤직,  포크",2018.09.26,(주)미러볼뮤직,6.5,5
Wake Me Up,최서현,랩/힙합,2018.09.26,Stone Music Entertainment,3.6,1
너의 한마디,신인류,"인디뮤직,  락",2018.09.26,비스킷 사운드,6.6,1
너는 그대로 이 길,낭만유랑악단,포크,2018.09.26,로엔엔터테인먼트,6.7,1
오늘 그대의 날씨는 어떤가요,단호박소녀 ,"인디뮤직,  포크",2018.09.27,워너뮤직코리아,2.1,1
그대 없는 나,영도,발라드,2018.09.27,(주)루미넌트엔터테인먼트,5.8,1
백일의 낭군님 OST Part 2,진영(B1A4),"드라마음악,  발라드",2018.09.25,Stone Music Entertainment,7.8,2
네시반 (4:30),이츠(It's),"인디뮤직,  락",2018.09.25,워너뮤직코리아,7,1
끝까지 사랑 OST Part 16,어쿠스윗,드라마음악,2018.09.26,(주)다날엔터테인먼트,7.5,2
몰상식,스내키 챈(Snacky Chan),랩/힙합,2018.09.26,Stone Music Entertainment,5,1
첫사랑 two,MJ(써니사이드),랩/힙합,2018.09.26,(주)지니뮤직,6.6,2
낙화 (落花),김은규,발라드,2018.09.26,워너뮤직코리아,7.8,1
Some Definition of Love,썸데프(SOMDEF),알앤비/어반,2018.09.26,로엔엔터테인먼트,6.5,5
가로등이 꺼지는 순간,에몬(Emon),"인디뮤직,  포크",2018.09.26,포크라노스,7,1
함께. 여덟. 어둠이 내리던 날,청춘낭만사(Green Spring Romance),"인디뮤직,  포크",2018.09.27,(주)미러볼뮤직,6.7,2
보이지 않나요,리디아(Lydia),발라드,2018.09.27,(주)티에스앤엔터테인먼트,5.7,2
늘여름,"늘가튼(Always, gotten)",랩/힙합,2018.09.27,(주)엔에이치엔벅스,5.6,2
그 시절,신시어리,발라드,2018.09.27,(주)우조엔터테인먼트,7,3
무슨 일이 있었던 것도 아냐,윤혜진,알앤비/어반,2018.09.27,(주)소리바다,0,2
고양이,네이비톤(NavyTone),발라드,2018.09.27,(주)다날엔터테인먼트,2.5,2
사이퍼즈 OST : 무소속,ESTi,게임,2018.09.27,소니뮤직,0,16
미안 (Feat. 안지연),스무살,"발라드,  인디뮤직",2018.09.27,로엔엔터테인먼트,7.1,1
SOMEONE,더블 케이(Double K),랩/힙합,2018.09.27,Stone Music Entertainment,5.8,1
Jnny,MAZ.B,알앤비/어반,2018.09.27,Stone Music Entertainment,6,1
Monsoon,건탁,인디뮤직,2018.09.27,포크라노스,4.8,1
만나볼래,써커스백,발라드,2018.09.27,(주)오감엔터테인먼트,5,2
내일도 맑음 OST Part 23,태사비애,드라마음악,2018.09.27,(주)다날엔터테인먼트,7,2
Calendar of 2BIC (September),2BIC(투빅),알앤비/어반,2018.09.27,(주)지니뮤직,7.6,2
INCITE,9won(구원),"알앤비/어반,  인디뮤직",2018.09.27,포크라노스,4.5,5
데뷔하겠습니다,원위,"댄스,  일렉트로니카",2018.09.27,로엔엔터테인먼트,6.4,1
Stay Trippy,빅슬램(BIG $LAM),랩/힙합,2018.09.27,아토엔터테인먼트,0,4
느린 우체통,그네,"발라드,  인디뮤직",2018.09.27,퍼플파인엔터테인먼트,7,2
농부의 삶,필굿 (Feelgood),랩/힙합,2018.09.27,(주)지니뮤직,4.5,1
향수병,모노토닉(Monotonik),발라드,2018.09.27,(주)뮤직앤뉴,4.6,2
Good Luck,Woodie Gochild,랩/힙합,2018.09.27,로엔엔터테인먼트,7.7,2
콜드브루 (COLD BREW),륜 (RYUN),"랩/힙합,  인디뮤직",2018.09.27,(주)코부코,3,1
Ghost House,DJ Orga,일렉트로니카,2018.09.27,(주)뮤직앤뉴,4,12
Sulking,Myle.D,알앤비/어반,2018.09.28,Stone Music Entertainment,6.7,1
Time Interaction,류범열,재즈,2018.09.28,(주)지니뮤직,3,7
BAD+,kuzi,랩/힙합,2018.09.28,(주)다날엔터테인먼트,0,8
너를 사랑함을,병길,인디뮤직,2018.09.28,비스킷 사운드,2.8,1
나침반,정솔,랩/힙합,2018.09.28,(주)뮤즈플랫폼,0,1
행복의 이유,순호,"인디뮤직,  포크",2018.09.28,(주)티에스앤엔터테인먼트,2.5,1
Hello World,크리모,랩/힙합,2018.09.28,(주)뮤즈플랫폼,2.5,3
이리와 안아줘 OST,Various Artists,드라마음악,2018.09.28,(주)블렌딩,6,38
하트뿅,슈가틴트,댄스,2018.09.28,(주)소리바다,3.9,1
Take Me Higher,멜튼(Melten),"인디뮤직,  락",2018.09.27,워너뮤직코리아,6.9,1
LIKE A BOMB,데스티니(DESTINY),댄스,2018.09.28,아토엔터테인먼트,2.7,2
Eyes To Open,터프 톡(Tough Talk),재즈,2018.09.28,(주)뮤직앤뉴,2.8,1
럭키룩키,서울문(Seoulmoon),"인디뮤직,  락",2018.09.28,포크라노스,5.6,1
Change For My Self,문나이프(Moon Knife),일렉트로니카,2018.09.28,(주)사운드리퍼블리카,2.9,5
그 후에 우리,Day By Day,발라드,2018.09.28,(주)아이리버,5.6,1
<매지컬> OST,태일(블락비),영화음악,2018.09.28,KBS미디어(주),6,1
가을이 너 (Fall in you),우예린,"알앤비/어반,  인디뮤직",2018.09.28,(주)코부코,6.3,1
또 운다,아라(A-ra),발라드,2018.09.28,(주)킹핀엔터테인먼트,6.7,2
HBD,유예리 (YerY),"댄스,  알앤비/어반",2018.09.28,(주)오감엔터테인먼트,3.2,1
Day Time Moon,Sorain,"발라드,  인디뮤직",2018.09.28,(주)필뮤직,4,2
꿈 (The Light),조인(ZOIN),"인디뮤직,  알앤비/어반",2018.09.28,유니버설뮤직,4.8,2
On the Moon,Moon,랩/힙합,2018.09.28,(주)지니뮤직,3.6,2
별이 (別離),버블 시스터즈(Bubble Sisters),발라드,2018.09.28,(주)다날엔터테인먼트,5.9,2
Anything Before,매트루스(MATROOS),알앤비/어반,2018.09.28,(주)엔에이치엔벅스,6,1
방,겨울언니,발라드,2018.09.28,(주)루미넌트엔터테인먼트,5,1
THINK ABOUT IT (Feat. BAER),DJ SODA,일렉트로니카,2018.09.28,로엔엔터테인먼트,3.8,1
아무도 모르게 #1,강전한,"발라드,  인디뮤직",2018.09.28,워너뮤직코리아,7.4,1
오늘더레이 #4,THERAY(더레이),랩/힙합,2018.09.28,YG PLUS,6.6,1
제3의 매력 (JTBC 금토드라마) OST - Part 1,스텔라장(Stella Jang),드라마음악,2018.09.28,(주)엔에이치엔벅스,8.4,2
Ending credit.,소년공화국(Boys Republic),발라드,2018.09.28,유니버설뮤직,7.1,2
미래소년,슈빌 ,"인디뮤직,  락",2018.09.28,워너뮤직코리아,3.3,1
FM201.8-09Hz : Sweet Dream,헤르쯔 아날로그(Herz Analog),인디뮤직,2018.09.28,(주)인터파크,5.9,1
꽃별천지,주기훈,"발라드,  인디뮤직",2018.09.28,퍼플파인엔터테인먼트,5.7,1
"밤, 결",크르르,"알앤비/어반,  인디뮤직",2018.09.28,(주)미러볼뮤직,6.9,1
달콤한 노래,댄디남,포크,2018.09.28,(주)광수미디어,0,2
Travel On My Mind,Yenjamin(김윤호),랩/힙합,2018.09.28,로엔엔터테인먼트,6.6,2
Wow Thing,슬기 (SEULGI),댄스,2018.09.28,(주)아이리버,7.9,2
Emo Hip ho;P,myunDo,랩/힙합,2018.09.28,Stone Music Entertainment,4.5,1
불후의 명곡 - 전설을 노래하다 (시대의 아이콘 원조 걸그룹 바니걸스),Various Artists,발라드,2018.09.29,로엔엔터테인먼트,4.8,6
보내는 사람,바닐라이프,"인디뮤직,  포크",2018.09.29,(주)미러볼뮤직,3.5,6
EDEN_STARDUST.05,이든(EDEN),알앤비/어반,2018.09.29,(주)엔에이치엔벅스,6.3,1
편의점,KISSES(키세스),알앤비/어반,2018.09.29,로엔엔터테인먼트,5.6,2
tvN 300 x NC 피버뮤직 - EP5,Various Artists,발라드,2018.09.29,Stone Music Entertainment,5,3
포크라노스 컴필레이션 Vol.2 'City Drive',Various Artists,인디뮤직,2018.09.29,포크라노스,6,12
조용한 가을,조용한 소음,뉴에이지,2018.09.29,워너뮤직코리아,3.8,2
선택,BigDD N SoulPowder,알앤비/어반,2018.09.30,(주)오감엔터테인먼트,7.3,3
가끔 네 생각이 날 때면,한올(Han-All),"인디뮤직,  포크",2018.09.30,워너뮤직코리아,6.8,1
긴긴 밤의 꿈,새벽공방,"인디뮤직,  포크",2018.09.30,포크라노스,6.7,1
So Nice (GMF2018 Ver.),Grand Mint Band(GMB),"인디뮤직,  락",2018.09.30,로엔엔터테인먼트,6,1
아직 널 사랑하는데,모닝커피,발라드,2018.09.29,(주)티에스앤엔터테인먼트,4.8,5
XX,식케이(Sik-K),랩/힙합,2018.09.29,Stone Music Entertainment,5.5,1
하나뿐인 내편 OST Part 2,승희(오마이걸),드라마음악,2018.09.29,(주)다날엔터테인먼트,8.6,4
TALK,Young Kay(영케이),랩/힙합,2018.09.29,(주)오감엔터테인먼트,4.8,1
Chaewool Project Vol.2,채울,댄스,2018.09.29,(주)지니뮤직,6.1,2
무색 비 (Colorless Rain),천둥,"알앤비/어반,  랩/힙합",2018.09.29,(주)우조엔터테인먼트,3.5,1
복면가왕 171회,어디서 타는 냄새 안나요? 가을타는 추녀,발라드,2018.09.30,(주)블렌딩,6.2,2
슈슈슈,김아일(Qim Isle),알앤비/어반,2018.09.30,Stone Music Entertainment,6,1
터미널,Austn,랩/힙합,2018.09.30,(주)티에스앤엔터테인먼트,2.7,1
Fall,이은아,발라드,2018.09.30,(주)인플래닛,5.6,1
내일도 맑음 OST Part 24,황시연,드라마음악,2018.09.30,(주)다날엔터테인먼트,5,2
SBS '빅픽처패밀리' 타이틀곡,MONA,댄스,2018.09.30,(주)미러볼뮤직,4.8,1
여전해,Joypark(조이파크),일렉트로니카,2018.09.30,(주)지니뮤직,6.3,1
Seoul Vibes Pt.4,KozyPop,알앤비/어반,2018.10.01,(주)루미넌트엔터테인먼트,4.3,8
DAY DREAMIN',WONHO(원호),발라드,2018.10.01,로엔엔터테인먼트,7.4,3
Amazing Grace,오연준,발라드,2018.10.01,(주)엔에이치엔벅스,6.9,2
Miss. Perfume,키플럭스(Kifflux),알앤비/어반,2018.10.01,(주)다날엔터테인먼트,5.4,2
Tombstone,스케리피(Scary'P),랩/힙합,2018.10.01,(주)엔에이치엔벅스,5.4,3
하루가 달라,코지멜로(cozymelo),발라드,2018.10.01,(주)오감엔터테인먼트,5.7,2
미스터 션샤인 OST,Various Artists,드라마음악,2018.10.01,Stone Music Entertainment,9.5,44
stay,이바다,알앤비/어반,2018.09.30,로엔엔터테인먼트,6.5,1
미스터 션샤인 OST Part 15,황치열,드라마음악,2018.09.30,Stone Music Entertainment,9.3,1
복수노트2 OST Part 3,Various Artists,드라마음악,2018.10.01,(주)블렌딩,4.8,2
WingWing,Tudy,랩/힙합,2018.10.01,(주)광수미디어,2.8,1
그만하자,기니,발라드,2018.10.01,(주)지니뮤직,3.8,2
Me Lody,윤로디,락,2018.10.01,아토엔터테인먼트,0,1
SONG ONE (내 인생의 노래) - 우영 (2PM) 편,장우영,알앤비/어반,2018.10.01,(주)인터파크,5.7,1
Beautiful_for LPGA,양진석,발라드,2018.10.01,로엔엔터테인먼트,2.5,1
Still (여전히),JK 김동욱,발라드,2018.10.01,Stone Music Entertainment,6.1,1
걷다,송헌찬,발라드,2018.10.01,뮤시아,0,2
Carry Me Home,우디로즈(WoodyRose),랩/힙합,2018.10.01,(주)아이리버,4.8,1
뷰티 인사이드 OST Part 1,로시(Rothy),드라마음악,2018.10.01,(주)뮤직앤뉴,6.3,2
r,박원,발라드,2018.10.01,로엔엔터테인먼트,6.9,6
REGRESSION,리오,퓨전 재즈,2018.10.01,미디어스코프(주),4.2,10
I Don't Care (with 스푼즈),뉴이스트 W,댄스,2018.10.01,Stone Music Entertainment,8.1,1
Detox,Skoop,랩/힙합,2018.10.01,(주)루미넌트엔터테인먼트,0,7
Lenz,The Colored Paper,"랩/힙합,  인디뮤직",2018.10.01,(주)미러볼뮤직,5,1
beautiful girls,디캐시,알앤비/어반,2018.10.01,(주)소리바다,0,1
[Oct] Diary,피아노을(Piano:el),뉴에이지,2018.10.01,워너뮤직코리아,0,30
하루종일,탁연,"랩/힙합,  인디뮤직",2018.10.02,워너뮤직코리아,7.4,2
칵테일 얼음이 녹기 전에,모브닝(MOVNING),"인디뮤직,  락",2018.10.01,포크라노스,7.7,1
나잖아,박정철,발라드,2018.10.01,(주)우조엔터테인먼트,3.3,2
말해줘,김효영,"발라드,  인디뮤직",2018.10.01,(주)티에스앤엔터테인먼트,4.4,1
바다의 이편과 저편,가당찮,락,2018.10.01,(주)엔에이치엔벅스,4,3
NEW KIDS : THE FINAL,iKON,발라드,2018.10.01,(주)지니뮤직,7.9,4
Luvidu,모니카,"댄스,  발라드,  알앤비/어반",2018.10.01,(주)인터파크,4.4,5
my,유라(youra),"알앤비/어반,  인디뮤직",2018.10.01,로엔엔터테인먼트,7.1,1
"그래, 이제",메리그린,"발라드,  인디뮤직",2018.10.01,(주)필뮤직,4.9,2
작아도 괜찮아,커플다이어리,인디뮤직,2018.10.02,(주)오감엔터테인먼트,7.3,2
내 마음은,수진,"인디뮤직,  포크",2018.10.02,(주)미러볼뮤직,4.8,8
있는데 없는 너,레오(LEO),발라드,2018.10.02,Stone Music Entertainment,8.3,1
핸썹 (HANSSUP),핸썹(HANSSUP),댄스,2018.10.02,(주)우조엔터테인먼트,2.8,1
Sang From Hong Kong,Sid Frio,랩/힙합,2018.10.02,(주)루미넌트엔터테인먼트,4.5,1
좋아해줘안칠현,moonc,알앤비/어반,2018.10.02,(주)다날엔터테인먼트,5.5,2
너를 닮아 (Draw you),릴리(Lily),알앤비/어반,2018.10.02,(주)아이리버,6.7,2
동물원에 간 하이솔,하이솔,"댄스,  발라드",2018.10.02,(주)인터파크,7.1,2
사랑인가 봐,NORMS(놈스),발라드,2018.10.02,(주)뮤직앤뉴,4,1
KxH/Live!,김간지x하헌진,"인디뮤직,  락",2018.10.02,포크라노스,5.7,10
Love Me,사피라 K(Safira.K),일렉트로니카,2018.10.02,(주)다날엔터테인먼트,4.8,2
Blue wonderstruck,선데이레스트(Sundayrest),"인디뮤직,  락",2018.10.02,(주)사운드리퍼블리카,5.7,2
지금이라도,Iris(아이리스),포크,2018.10.02,(주)지니뮤직,6.1,1
깊은 밤,혜린,발라드,2018.10.02,(주)광수미디어,4,1
포효,권인하,발라드,2018.10.02,로엔엔터테인먼트,7.6,4
My Love,서지안,발라드,2018.10.02,(주)뮤직앤뉴,7.8,2
나의 눈을 보아요,페퍼민트,발라드,2018.10.02,(주)티에스앤엔터테인먼트,4.8,2
POUR UP,기글리베어(Giggly Bear),랩/힙합,2018.10.02,아토엔터테인먼트,2.5,1
괜찮아,데이스타(DaystAr),발라드,2018.10.02,(주)소리바다,3.3,2
NOIR 2nd Mini album 'TOPGUN',NOIR(느와르),랩/힙합,2018.10.02,(주)지니뮤직,6.8,6
S.O.U.L DIGITAL SINGLE,S.O.U.L ,댄스,2018.10.02,로엔엔터테인먼트,5.5,2
Dreams In A Glass,동구(DØNGGU),"발라드,  인디뮤직",2018.10.02,비스킷 사운드,0,1
러블리 호러블리 OST,Various Artists,O.S.T,2018.10.02,로엔엔터테인먼트,6.3,52
4Page,어라우즈(Arouse),알앤비/어반,2018.10.02,퍼플파인엔터테인먼트,4,4
TXs project,TSUN(티썬),알앤비/어반,2018.10.02,Stone Music Entertainment,4.8,8
사랑은,스탠딩 에그(Standing Egg),"인디뮤직,  포크",2018.10.02,로엔엔터테인먼트,6.5,2
Drive Thru,행주,랩/힙합,2018.10.02,Stone Music Entertainment,6.9,1
Sentimental Dreamin,Clara C(클라라C),"알앤비/어반,  인디뮤직",2018.10.03,(주)미러볼뮤직,4.1,1
Vol.1 Mix tape Boom&Beat&Clap,Rose Finger(로즈핑거),댄스,2018.10.03,(주)다날엔터테인먼트,5.2,1
그만해,레이니(Rainy),발라드,2018.10.03,(주)티에스앤엔터테인먼트,6.3,2
CAELO,Babylon(베이빌론),알앤비/어반,2018.10.03,소니뮤직,6.7,13
‘Save me',이재선,댄스,2018.10.02,민사운드스토리엔터테인먼트,2.2,3
연금술사,Across The Universe,"인디뮤직,  락",2018.10.02,(주)코부코,0,2
새벽밤,온수(onsu),인디뮤직,2018.10.02,(주)지니뮤직,6.6,1
October Lover,이소라,발라드,2018.10.02,(주)엔에이치엔벅스,8.6,1
Viewglass (시선차단),진주(Hyun Jin Ju),"일렉트로니카,  인디뮤직",2018.10.03,(주)오감엔터테인먼트,5.4,2
HYPERISM BLUE,솔비,일렉트로니카,2018.10.03,(주)뮤직앤뉴,2.8,4
STAY WITH ME,Ferry,일렉트로니카,2018.10.03,워너뮤직코리아,4.5,1
SEASON1/#4,엠투엠 (M To M),발라드,2018.10.03,(주)지니뮤직,6.7,5
부서지기 쉬운 날,박태원,"인디뮤직,  락",2018.10.03,비스킷 사운드,6.3,1
PRAY,트리가(Trigga),랩/힙합,2018.10.03,(주)소리바다,4.8,5
Flexin,24 Flakko,랩/힙합,2018.10.03,Stone Music Entertainment,4.7,1
내 뒤에 테리우스 OST Part 1,가호(Gaho),드라마음악,2018.10.03,(주)블렌딩,6,2
Worth It,Ted Park,랩/힙합,2018.10.03,Stone Music Entertainment,4.8,1
내일 뭐해?,서지(SURGE),알앤비/어반,2018.10.04,(주)지니뮤직,6,1
온기,다시보기,"락,  인디뮤직",2018.10.04,(주)뮤직앤뉴,6.1,1
The First Scene - The 1st Mini Album,유리 (YURI),"댄스,  발라드",2018.10.04,(주)아이리버,7.4,6
Super Market,풍뎅이(PDE),랩/힙합,2018.10.04,(주)다날엔터테인먼트,5.5,2
이 밤 (This Night),노래하는 말괄량이(The Singing Girls),"발라드,  인디뮤직",2018.10.04,(주)오감엔터테인먼트,5,3
Every Time You Call My Name,마더바이브,재즈,2018.10.04,페이지터너AMS,6.2,2
Fisherman,바이어(Buyer),랩/힙합,2018.10.04,(주)소리바다,0,1
그곳에서,도끼(DOK2),랩/힙합,2018.10.03,로엔엔터테인먼트,6.8,1
오늘의 탐정 OST Part 4,휘성(Realslow),드라마음악,2018.10.03,Stone Music Entertainment,6.7,2
Our Night,실버클럽(SILVERCLUB),"락,  인디뮤직,  일렉트로니카",2018.10.04,(주)뮤직앤뉴,0,1
밤,1L2L,발라드,2018.10.04,(주)티에스앤엔터테인먼트,4.9,2
달빛,우디,"인디뮤직,  포크",2018.10.04,비스킷 사운드,0,1
꽃잎,덕호씨,인디뮤직,2018.10.04,포크라노스,7.8,2
까만밤,나랑,"인디뮤직,  포크",2018.10.04,먼데이브런치,0,2
소리 질러줘,PITCH,락,2018.10.04,아토엔터테인먼트,2.5,1
손 the guest OST Part 1,오존(O3ohn),드라마음악,2018.10.04,Stone Music Entertainment,7.2,4
If You Love Me,재이(JEI),댄스,2018.10.04,뮤직파운드,0.3,2
HUSTLE,Marilyn Monderland,알앤비/어반,2018.10.04,Stone Music Entertainment,4,6
"“안시성"" 오리지널 사운드 트랙",윤일상,영화음악,2018.10.04,로엔엔터테인먼트,7.8,58
핑퐁 (pingpong),라디(Ra. D),알앤비/어반,2018.10.04,(주)지니뮤직,5.9,1
和 (화),카코포니(cacophony),일렉트로니카,2018.10.04,(주)엔에이치엔벅스,5.4,9
마성의 기쁨 OST Part 4,최진혁,드라마음악,2018.10.04,로엔엔터테인먼트,8.3,2
Aquarium,커니(Kuny),랩/힙합,2018.10.04,(주)루미넌트엔터테인먼트,2.5,1
곰신 대신 꽃신,12,"댄스,  인디뮤직",2018.10.04,(주)미러볼뮤직,0,2
Away,클래디,랩/힙합,2018.10.04,(주)루미넌트엔터테인먼트,0.3,8
우리의 여름은 가고 가을이 또 왔네요,깃든,인디뮤직,2018.10.04,(주)지니뮤직,5.1,2
이렇게 이별,성태(포스트맨),"발라드,  인디뮤직",2018.10.04,워너뮤직코리아,7.8,2
Tune of the Life,루빈(Ruvin),인디뮤직,2018.10.04,포크라노스,4.2,3
인생,조덕환,"인디뮤직,  포크",2018.10.04,(주)미러볼뮤직,5.6,7
니가 그리워지는 밤,헤이 달리(Hey Dali),"발라드,  인디뮤직",2018.10.04,퍼플파인엔터테인먼트,3.5,2
Dawn,The Rose(더 로즈),락,2018.10.04,Stone Music Entertainment,7.3,5
너는 나의 태양이었다 (L O V E),바이올렛트리(Violet Tree),"인디뮤직,  락",2018.10.04,먼데이브런치,2.5,1
그 모습만,김성범,발라드,2018.10.04,(주)오감엔터테인먼트,5,2
그림,듀자매,포크,2018.10.04,(주)인터파크,6.1,2
It's My,LOVO(Lobo Da King),랩/힙합,2018.10.04,(주)루미넌트엔터테인먼트,3.8,2
RE:FRESH,소유(SOYOU),"댄스,  발라드,  알앤비/어반",2018.10.04,로엔엔터테인먼트,6.2,6
Down For You,시기펩(Siggie Feb),"랩/힙합,  인디뮤직",2018.10.04,먼데이브런치,4,5
마음속의 단어들,에피톤 프로젝트(Epitone Project),발라드,2018.10.04,로엔엔터테인먼트,8.1,11
아주 조금만,김규리아,발라드,2018.10.05,(주)필뮤직,4,1
너만 있으면 돼,박지용(허니지),댄스,2018.10.05,(주)뮤직앤뉴,0.3,2
여정,주현미,트로트,2018.10.05,워너뮤직코리아,5.6,2
We Can Be Together,Z A K U Z I,팝락,2018.10.05,YG PLUS,4.5,1
꽃신,이민용,발라드,2018.10.05,(주)우조엔터테인먼트,5.9,2
SAKURA,릴러말즈(Leellamarz),랩/힙합,2018.10.05,Stone Music Entertainment,5.6,1
Give Me A Chance,레이(LAY),알앤비/어반,2018.10.05,(주)아이리버,6,1
인디안,페페(Peppe),일렉트로니카,2018.10.05,(주)인터파크,2,1
A-jae Sensibility Part.1,SR,발라드,2018.10.05,(주)엔에이치엔벅스,5.2,14
병용아 일하자 9월용,지니어스 디(Genius D),랩/힙합,2018.10.05,(주)디지탈레코드,0,1
nowhere Michelle,입술을깨물다(Lips-Bite),"인디뮤직,  락",2018.10.05,(주)미러볼뮤직,6.7,1
HOME,Ways (웨이즈),발라드,2018.10.05,(주)지니뮤직,6,2
여전해,서교동트리오,"인디뮤직,  포크",2018.10.05,퍼플파인엔터테인먼트,5.9,1
10월 5일,노피(NOPI),"발라드,  인디뮤직",2018.10.05,(주)오감엔터테인먼트,5.6,2
데구르르,유발이,인디뮤직,2018.10.05,포크라노스,5,1
Night Run,NO_ON(눈),"알앤비/어반,  인디뮤직",2018.10.05,퍼플파인엔터테인먼트,3.3,5
Noise,Bless kid,랩/힙합,2018.10.05,(주)뮤즈플랫폼,0,1
광합성,바겐바이러스(Bargain Virus),포크,2018.10.05,(주)티에스앤엔터테인먼트,4.2,2
Think About' Chu,전차인,"알앤비/어반,  인디뮤직",2018.10.05,(주)미러볼뮤직,3.8,1
rewind Vol.2,구윤회,발라드,2018.10.05,(주)루미넌트엔터테인먼트,6.8,2
MMBB,디어캣(Dearcat),일렉트로니카,2018.10.05,워너뮤직코리아,3.5,1
You Feel Me?,O.Khem,"발라드,  알앤비/어반",2018.10.05,(주)예향엔터테인먼트,3.3,1
Good Night,초묘(超妙),락,2018.10.05,(주)광수미디어,7.5,2
Morning Calm,Lit Ross,랩/힙합,2018.10.05,아토엔터테인먼트,0,1
김형석 with Friends Pop & Pop Collaboration #2 유회승(N.Flying) X O.ZO,유회승(N.Flying),발라드,2018.10.05,로엔엔터테인먼트,6.7,1
제3의 매력 (JTBC 금토드라마) OST - Part 2,조성모,드라마음악,2018.10.05,(주)엔에이치엔벅스,6.7,4
하나뿐인 내편 OST Part 3,이민혁,드라마음악,2018.10.06,(주)다날엔터테인먼트,9.5,2
마법사,차가운 체리(Cold Cherry),인디뮤직,2018.10.06,(주)코부코,5,2
쇼미더머니 777 Episode 1,Various Artists,랩/힙합,2018.10.06,Stone Music Entertainment,5.8,4
내가 먼저 너를 정리할게,정연수,"인디뮤직,  포크,  락",2018.10.05,(주)다날엔터테인먼트,5,1
입체3시,달동네뮤지,락,2018.10.05,(주)소리바다,4,1
되돌릴 수 없어,whychan(와이찬),일렉트로니카,2018.10.05,먼데이브런치,0,2
HIGH HITS,박기영,일렉트로니카,2018.10.05,(주)지니뮤직,5.8,1
eightyfivesoul,레디(Reddy),랩/힙합,2018.10.05,Stone Music Entertainment,7.6,4
Close your eyes,비오(B.O.),알앤비/어반,2018.10.05,(주)지니뮤직,4.9,2
Everything to,치즈(CHEEZE),"인디뮤직,  포크",2018.10.05,로엔엔터테인먼트,7,1
우리 지금 보다 영원 (Always with You),Dr. Slam 박정서,락,2018.10.06,민사운드스토리엔터테인먼트,0,1
Ilovemyvibe,Cherry Coke,알앤비/어반,2018.10.06,(주)지니뮤직,5.6,1
그대 곁으로 가고 있죠,지노(더히든),발라드,2018.10.06,빅밴드,2.8,2
뒷모습,어쿠루브,"인디뮤직,  포크",2018.10.06,로엔엔터테인먼트,4.9,2
플레이어 OST Part 1,도끼(DOK2),드라마음악,2018.10.06,(주)블렌딩,7,2
Wonder,V.teum(빈틈)  ,알앤비/어반,2018.10.06,(주)오감엔터테인먼트,3.3,2
Summer's Gone,애쉬뮤트(Ashmute),"일렉트로니카,  인디뮤직",2018.10.06,(주)미러볼뮤직,6.1,2
TIME,던밀스(Don Mills),랩/힙합,2018.10.07,Stone Music Entertainment,7.2,2
닿을 듯 말 듯,백지웅,발라드,2018.10.07,로엔엔터테인먼트,7.2,2
신피디 3집,신피디,"인디뮤직,  포크",2018.10.08,(주)오감엔터테인먼트,3.3,2
Wanna Wanna,메리코발트(MERRY COBALT),일렉트로니카,2018.10.08,(주)코부코,4.3,2
Robinson Crusoe (Prod By Epi Beats),호수,랩/힙합,2018.10.08,뮤시아,0,1
바람 (WISH),Sonnet(소네트),포크,2018.10.08,(주)광수미디어,4,2
"미스마, 복수의 여신 OST Part 1",제아,드라마음악,2018.10.06,(주)블렌딩,4.3,2
#7,세븐어클락,"댄스,  일렉트로니카",2018.10.06,로엔엔터테인먼트,5,5
Love Song,박소유,"일렉트로니카,  인디뮤직",2018.10.06,포크라노스,5.9,1
복면가왕 172회,Various Artists,발라드,2018.10.07,(주)블렌딩,7.4,2
못생겨도 맛은 좋아,미식가요,인디뮤직,2018.10.07,(주)지니뮤직,6,2
사랑 한 번 쯤은,이예준,발라드,2018.10.07,로엔엔터테인먼트,6.3,2
맘,키스메이커(Kissmaker),"발라드,  인디뮤직",2018.10.08,(주)오감엔터테인먼트,5.8,1
화성에서 온 남자,일나티,랩/힙합,2018.10.08,(주)소리바다,0,2
백 년 만에,빨간의자,"인디뮤직,  포크",2018.10.08,포크라노스,5,1
꿈이라도,이무일,발라드,2018.10.08,아토엔터테인먼트,7.5,2
Raweird,김박첼라,알앤비/어반,2018.10.08,(주)엔에이치엔벅스,2.5,6
여우각시별 OST Part 1,청하,드라마음악,2018.10.08,에스앤제이미디어(주),7,2
kawaiitrap!,BRADYSTREET,랩/힙합,2018.10.08,Stone Music Entertainment,5.6,6
새로운 외로움,마해수,"알앤비/어반,  인디뮤직",2018.10.08,먼데이브런치,0,1
최고의 이혼 OST Part 1,디에이드(The Ade),드라마음악,2018.10.08,(주)뮤직앤뉴,8.2,2
신세계,AlphaBAT(알파벳),댄스,2018.10.08,(주)다날엔터테인먼트,5,4
알고 싶어요,신디,댄스,2018.10.08,(주)티에스앤엔터테인먼트,0,1
안 해도 돼,조규찬,발라드,2018.10.08,(주)지니뮤직,8.5,1
언제라도 나를 찾아,투엣,"발라드,  인디뮤직",2018.10.08,워너뮤직코리아,4.8,1
One More Time - Special Mini Album,SUPER JUNIOR (슈퍼주니어),댄스,2018.10.08,(주)아이리버,7.5,5
노래와 시 릴케,차빛나,"인디뮤직,  포크",2018.10.08,퍼플파인엔터테인먼트,5.7,3
TalkTok,이준엽,알앤비/어반,2018.10.08,(주)루미넌트엔터테인먼트,5,2
CHITCHAT,DOSHi(도시),랩/힙합,2018.10.08,(주)티에스앤엔터테인먼트,4.8,1
"선 (about me, malc)",마호가니 킹(Mahogany King),"알앤비/어반,  인디뮤직",2018.10.08,(주)미러볼뮤직,6.3,11
데려가,림지(Limzy),알앤비/어반,2018.10.08,(주)다날엔터테인먼트,5.6,1
존예,NAHANDSOME (나핸썸),랩/힙합,2018.10.08,(주)지니뮤직,2.8,1
In my head,우키(Wooki),일렉트로니카,2018.10.08,파라솔뮤직,7.4,1
SONG ONE (내 인생의 노래) - 김승수 편,김승수,발라드,2018.10.08,(주)인터파크,9,2
지대,오디오 게임(Audio Game),랩/힙합,2018.10.08,(주)인플래닛,4,3
기억의 창고,윤현상,"인디뮤직,  발라드",2018.10.08,로엔엔터테인먼트,4.5,1
Who Am I,UV,발라드,2018.10.08,Stone Music Entertainment,7,1
내 눈에는 니가 - SNUPER Special Edition,스누퍼(SNUPER),"댄스,  발라드",2018.10.08,(주)인터파크,6,5
끝까지 사랑 OST Part 19,리치,드라마음악,2018.10.09,(주)다날엔터테인먼트,9,2
강물,조준호,"인디뮤직,  포크",2018.10.09,비스킷 사운드,4.8,2
타고난 길치,황인경,"인디뮤직,  락",2018.10.09,포크라노스,4.8,1
동행 프로젝트 Vol.1,정권정,"인디뮤직,  포크",2018.10.09,워너뮤직코리아,5,2
"안녕, 가을아",로코베리,락,2018.10.09,로엔엔터테인먼트,6.7,2
Girls Wings Fly,위걸스(We Girls),댄스,2018.10.09,(주)소리바다,6.7,1
LEE HONG GI 2ND MINI ALBUM [DO n DO],이홍기 (FT아일랜드),"댄스,  일렉트로니카",2018.10.09,로엔엔터테인먼트,5.7,1
뷰티 인사이드 OST Part 2,빈센트,드라마음악,2018.10.09,(주)뮤직앤뉴,7.7,2
배드파파 OST Part 1,하동균,드라마음악,2018.10.08,(주)블렌딩,9.6,2
시간이 들겠지,로꼬,랩/힙합,2018.10.08,로엔엔터테인먼트,6.4,1
이창,250,일렉트로니카,2018.10.09,(주)아이리버,5.8,1
2집 가위손 (리마스터),임현정,락,2018.10.09,(주)지니뮤직,6.8,11
Alchemy,DAMIAN (다미안),랩/힙합,2018.10.09,Stone Music Entertainment,4.3,1
Born Again,Keith Ape,랩/힙합,2018.10.09,소니뮤직,5,8
연결되어 있으니까,양요섭,"발라드,  인디뮤직",2018.10.09,(주)미러볼뮤직,7.9,2
사랑이 비처럼 내릴 때,윤새벽,"인디뮤직,  포크",2018.10.09,(주)오감엔터테인먼트,1.8,2
Hold on me,문샤인(Moonshine),알앤비/어반,2018.10.09,(주)지니뮤직,3.8,2
동그라미 (Dearest Elle),BOY.D(보이.디 of 9와 숫자들),발라드,2018.10.10,소니뮤직,6.7,1
ABOUT ME,바이브,발라드,2018.10.10,(주)지니뮤직,5.8,12
‘Another wave',FAVE,락,2018.10.10,민사운드스토리엔터테인먼트,0,1
Some6ody else,지프 크락(ZIPE KROCK),락,2018.10.10,(주)케이디지털미디어,3,6
Melody & You,라이브유빈,락,2018.10.10,(주)다날엔터테인먼트,6,5
좋아할래,이글루(igloo),"인디뮤직,  락",2018.10.10,먼데이브런치,6.7,1
COLORIZE COLLECTION - 04,다능(DANUNG),알앤비/어반,2018.10.10,(주)우조엔터테인먼트,3.8,1
Pathfinder,더 매거스(The magus),"인디뮤직,  락",2018.10.10,(주)미러볼뮤직,6.7,11
사랑하고 싶은데,그레이트리(GrayTree),"알앤비/어반,  인디뮤직",2018.10.10,먼데이브런치,4.7,1
BURNING MY HEART,웰씨(Wel.C),알앤비/어반,2018.10.10,(주)뮤직앤뉴,4.8,4
Arirang (Radio Edit),DJ 루바토(DJ Rubato),일렉트로니카,2018.10.10,(주)필뮤직,2.5,1
편해지길,늘섬,"인디뮤직,  포크",2018.10.10,비스킷 사운드,0,1
Secret Love,감성돔(feeling makers) ,댄스,2018.10.10,(주)위프엔터테인먼트,2.5,2
Curtain 2,해토(Haterawtomato),"알앤비/어반,  인디뮤직",2018.10.10,(주)미러볼뮤직,0,1
Dilemmas,마일스(MILE$),랩/힙합,2018.10.10,(주)필뮤직,0,1
듣기싫어,규영,랩/힙합,2018.10.10,Stone Music Entertainment,4,1
The Story of My Music,김혜연,트로트,2018.10.10,(주)오감엔터테인먼트,5.9,5
사수자리,제이화,인디뮤직,2018.10.10,포크라노스,3.8,1
Day n Night,루멕스 앤 키고(Ru_mexx & Keego),"일렉트로니카,  인디뮤직",2018.10.10,포크라노스,0,1
삐삐,아이유(IU),알앤비/어반,2018.10.10,로엔엔터테인먼트,7.9,1
많이 아파,순순희,발라드,2018.10.10,(주)루미넌트엔터테인먼트,4.3,2
Romantica (로만티카),미라클라스,클래시컬크로스오버,2018.10.10,유니버설뮤직,7.5,12
니가 보고 싶은 밤,파니니 브런치(Panini Brunch),발라드,2018.10.10,워너뮤직코리아,3.3,2
내 뒤에 테리우스 OST Part 2,SURAN(수란),드라마음악,2018.10.10,(주)블렌딩,7.3,2
Make It Rain,젯나(JetNa),랩/힙합,2018.10.10,(주)소리바다,0,1
청첩장,알레그로(Allegrow),인디뮤직,2018.10.10,(주)엔에이치엔벅스,3.2,1
지구인,이기찬,발라드,2018.10.10,(주)미러볼뮤직,5.4,1
Still...,낙준 (버나드 박),알앤비/어반,2018.10.10,(주)아이리버,7.9,3
내가 사랑한 사람,더 브릿지,발라드,2018.10.10,(주)티에스앤엔터테인먼트,4.5,3
The 2nd Digital Single '이별이 온다',전인혁BAND,락,2018.10.11,(주)오감엔터테인먼트,0,1
More People More Problems,Syler,랩/힙합,2018.10.11,Stone Music Entertainment,0,7
#mentalhealth&socialissues,산이(San E),랩/힙합,2018.10.10,로엔엔터테인먼트,4.3,3
Beautiful,C-Young,알앤비/어반,2018.10.10,(주)루미넌트엔터테인먼트,2.5,2
약했어,테이슨(Tason),랩/힙합,2018.10.10,(주)루미넌트엔터테인먼트,5,1
이렇게 웃어봐,초코마카롱,발라드,2018.10.10,아토엔터테인먼트,0,1
melt,주쥐(Zoo-G),랩/힙합,2018.10.10,(주)지니뮤직,0,8
We Go Loud,Clarity,랩/힙합,2018.10.10,(주)엔에이치엔벅스,2.3,1
From.9,프로미스나인,댄스,2018.10.10,Stone Music Entertainment,8.2,5
넌 별,18th Letter,발라드,2018.10.11,(주)티에스앤엔터테인먼트,0,2
첫사랑,백아,"인디뮤직,  포크",2018.10.11,(주)필뮤직,0,2
FADE,가든러쉬(Grdnrush),알앤비/어반,2018.10.11,(주)루미넌트엔터테인먼트,0,4
같이가면 (With me),P.ZONE,랩/힙합,2018.10.11,(주)뮤직앤뉴,0,1
Skadoosh Pt.2,Juro the Whitecanvas(주로 더 화이트캔버스),랩/힙합,2018.10.11,(주)뮤직앤뉴,0,4
REAL LIVE NANJANG VOL.11 (난장 라이브),우리같은사람들,"인디뮤직,  락",2018.10.11,(주)코부코,0,2
Paradise 0.4,주로(JURO) ,"락,  인디뮤직",2018.10.11,비스킷 사운드,0,1
공상,톰톰,발라드,2018.10.11,먼데이브런치,0,1
다시 만날 때,달지,랩/힙합,2018.10.11,(주)코부코,0,1
읊어본다,오늘의 온도,발라드,2018.10.11,(주)광수미디어,0,2
있어줄게 (With You),지동국,발라드,2018.10.11,(주)다날엔터테인먼트,0,2
그대없는 난,김찬호,발라드,2018.10.11,(주)엔에이치엔벅스,0,1
We all need Bluegrass,컨트리공방,"인디뮤직,  포크",2018.10.11,(주)미러볼뮤직,7.5,9
Voce (with Roberto Menescal),나희경,보사노바 재즈,2018.10.11,페이지터너AMS,5,1
나 없는 네가 웃으며 지내지 말기를...,캔도(CANDO),발라드,2018.10.11,(주)지니뮤직,0,2
초상화,디케(Deeke),랩/힙합,2018.10.11,(주)루미넌트엔터테인먼트,0,1
후회,하언,포크,2018.10.11,먼데이브런치,0,2
문득,프리멜로,알앤비/어반,2018.10.11,(주)소리바다,0,2
It's a TRAP!,넘넘(numnum),"인디뮤직,  락",2018.10.11,포크라노스,0,1
Kryptonite (크립토나이트),Seiren(세이렌),랩/힙합,2018.10.11,퍼플파인엔터테인먼트,0,1
"Sandwich, Milk (Feat. divin')",C.Koon,랩/힙합,2018.10.11,(주)아이리버,0,1
손 the guest OST Part 2,손승연,드라마음악,2018.10.11,Stone Music Entertainment,9,2
꽃처럼,페르시(persie),발라드,2018.10.11,아토엔터테인먼트,0,1
